customerID,Predicted_NPS
7569-NMZYQ,9
8984-HPEMB,9
5989-AXPUC,9
5734-EJKXG,8
8199-ZLLSA,9
9924-JPRMC,9
2889-FPWRM,9
3810-DVDQQ,9
9739-JLPQJ,9
2302-ANTDP,7
6904-JLBGY,9
4282-MSACW,9
6650-BWFRT,9
9788-HNGUT,9
1488-PBLJN,9
0017-IUDMW,9
8628-MFKAX,9
3258-ZKPAI,9
3680-CTHUH,9
3795-CAWEX,9
8016-NCFVO,7
3963-RYFNS,9
0675-NCDYU,9
0186-CAERR,9
8879-XUAHX,9
4868-AADLV,8
4374-YMUSQ,8
9053-JZFKV,9
9695-IDRZR,9
8975-SKGRX,9
7923-IYJWY,9
1480-BKXGA,9
2223-GDSHL,9
8261-GWDBQ,9
0106-UGRDO,9
1741-WTPON,9
6007-TCTST,9
5914-XRFQB,9
8513-OLYGY,9
0052-DCKON,9
5451-YHYPW,9
8606-CIQUL,9
1444-VVSGW,9
9659-QEQSY,7
1352-HNSAW,9
0442-ZXKVS,8
8263-QMNTJ,9
2121-JAFOM,9
0201-OAMXR,9
8480-PPONV,9
8015-IHCGW,9
9298-WGMRW,9
3882-IYOIJ,9
2380-DAMQP,9
0906-QVPMS,9
3396-DKDEL,9
3669-WHAFY,9
8869-LIHMK,9
7017-VFHAY,9
3642-GKTCT,9
8454-AATJP,10
8029-XYPWT,9
8894-JVDCV,9
1557-EMYVT,9
1229-RCALF,9
6919-ELBGL,9
7176-WRTNX,9
0164-APGRB,9
4304-TSPVK,9
2388-LAESQ,9
4393-GEADV,10
6445-TNRXS,9
1779-PWPMG,9
0206-TBWLC,8
5322-TEUJK,9
0530-IJVDB,9
8207-DMRVL,10
5135-GRQJV,9
4361-BKAXE,7
7359-WWYJV,9
2040-XBAVJ,10
5375-XLDOF,9
6655-LHBYW,9
7929-SKFGK,9
0266-GMEAO,9
9896-UYMIE,9
1555-DJEQW,9
9637-CDTKZ,9
6710-HSJRD,7
4376-KFVRS,9
3892-NXAZG,9
3726-TBHQT,9
9127-FHJBZ,9
8085-MSNLK,9
3258-SYSWS,9
7663-CUXZB,9
5038-ETMLM,9
9258-CNWAC,10
9239-GZHZE,9
2368-GAKKQ,9
4806-DXQCE,9
7740-BTPUX,7
9158-VCTQB,7
9746-MDMBK,8
8670-ERCJH,9
0864-FVJNJ,9
1950-KSVVJ,9
3655-SNQYZ,10
7279-BUYWN,5
9786-IJYDL,8
1043-UXOVO,9
9475-NNDGC,8
5271-YNWVR,9
6859-QNXIQ,9
3870-SPZSI,9
0907-HQNTS,9
5236-PERKL,8
0771-WLCLA,4
1583-IHQZE,3
9481-IEBZY,8
5183-KLYEM,9
3520-FJGCV,9
6993-YGFJV,9
4829-ZLJTK,8
8561-NMTBD,9
7255-SSFBC,9
6480-YAGIY,9
0378-CJKPV,10
2193-SFWQW,10
7055-JCGNI,9
6664-FPDAC,7
2403-BCASL,6
0619-OLYUR,9
7409-JURKQ,8
8099-MZPUJ,9
2632-IVXVF,9
5304-EFJLP,9
2469-DTSGX,9
8853-TZDGH,9
1891-QRQSA,9
3090-HAWSU,9
3584-WKTTW,7
7245-JMTTQ,7
2587-EKXTS,6
1135-HIORI,8
7130-YXBRO,7
3292-PBZEJ,3
6168-YBYNP,7
3508-CFVZL,9
2773-OVBPK,9
2659-VXMWZ,8
0835-JKADZ,9
3199-NPKCN,8
9249-FXSCK,8
3022-BEXHZ,9
0115-TFERT,4
8071-SBTRN,9
2067-QYTCF,7
5514-YQENT,9
8591-TKMZH,9
9079-YEXQJ,7
2323-ARSVR,9
6067-NGCEU,8
9351-HXDMR,9
7030-FZTFM,9
7632-MNYOY,9
9835-ZIITK,7
4789-KWMXN,8
6030-REHUX,4
2499-AJYUA,9
5795-KTGUD,9
4616-ULAOA,9
2272-JKMSI,8
9330-VOFSZ,9
4118-CEVPF,7
2272-WUSPA,9
8920-NAVAY,7
1320-REHCS,5
5099-BAILX,6
9356-AXGMP,7
8823-RLPWL,9
0409-WTMPL,8
1291-CUOCY,9
4827-LTQRJ,9
6993-YCOBK,9
4476-OSWTN,9
6297-NOOPG,8
7519-JTWQH,9
9405-GPBBG,9
2673-CXQEU,8
8008-ESFLK,9
1258-YMZNM,6
7602-MVRMB,9
8309-PPCED,9
1409-PHXTF,7
3336-JORSO,5
6647-ZEDXT,8
3729-OWRVL,8
3870-MQAMG,8
3580-HYCSP,9
2789-CZANW,9
4627-MIHJH,9
1936-UAFEH,10
8707-HOEDG,9
5153-LXKDT,9
7576-JMYWV,7
7566-DSRLQ,9
9070-BCKQP,9
2408-TZMJL,8
3244-CQPHU,9
4778-IZARL,9
2931-SVLTV,7
9851-KIELU,6
2988-QRAJY,9
5027-YOCXN,9
3192-NQECA,9
6333-YDVLT,9
7868-TMWMZ,9
0691-IFBQW,7
1841-YSJGV,9
0136-IFMYD,8
3174-RKMOW,5
0254-FNMCI,9
0795-GMVQO,9
0177-PXBAT,5
3992-YWPKO,3
1656-DRSMG,7
6198-PNNSZ,8
6689-VRRTK,7
3331-HQDTW,5
9866-OCCKE,9
1162-ECVII,9
4670-TABXH,9
1725-IQNIY,9
7446-KQISO,8
9680-NIAUV,9
0013-SMEOE,9
4909-JOUPP,9
1360-XFJMR,9
6295-OSINB,9
5013-SBUIH,9
0237-YFUTL,7
5945-AZYHT,8
1061-PNTHC,8
0536-ACXIP,9
3518-FSTWG,9
9802-CAQUT,9
4176-FXYBO,7
6599-RCLCJ,6
9360-AHGNL,7
2731-GJRDG,7
3831-YCPUO,10
1984-FCOWB,8
0748-RDGGM,9
2522-AHJXR,8
5089-IFSDP,8
8849-PRIQJ,9
9052-VKDUW,7
7537-CBQUZ,7
0103-CSITQ,8
2599-CIPQE,10
1163-VIPRI,9
1428-IEDPR,8
3886-CERTZ,8
6308-CQRBU,9
3617-XLSGQ,9
9488-FYQAU,9
6614-FHDBO,9
8901-UPRHR,9
5574-NXZIU,10
3612-YUNGG,9
0961-ZWLVI,8
2266-SJNAT,9
3571-RFHAR,7
5140-FOMCQ,8
8819-ZBYNA,9
9278-VZKCD,5
4567-AKPIA,7
3766-EJLFL,9
2307-FYNNL,9
3407-JMJQQ,9
5172-RKOCB,9
8495-LJDFO,7
4350-ZTLPI,8
6733-LRIZX,8
0345-XMMUG,8
9971-ZWPBF,5
4016-BJKTZ,7
3424-NMNBO,7
3761-FLYZI,6
8213-TAZPM,9
1150-WFARN,9
2027-WKXMW,7
2144-BFDSO,7
1053-MXTTK,9
6990-YNRIO,9
2001-MCUUW,8
7317-GGVPB,9
2798-NYLMZ,9
9101-BWFSS,8
5168-MQQCA,8
8041-TMEID,9
5966-EMAZU,9
4250-ZBWLV,9
5067-XJQFU,8
1216-BGTSP,7
1320-GVNHT,9
2419-FSORS,9
5440-FLBQG,9
5981-ZVXOT,6
6519-ZHPXP,10
6362-QHAFM,7
1110-KYLGQ,8
1074-AMIOH,8
7550-WIQVA,8
9031-ZVQPT,9
4329-YPDDQ,6
1679-JRFBR,9
0181-RITDD,10
6179-GJPSO,7
0363-QJVFX,6
7134-HBPBS,9
0786-IVLAW,8
6723-WSNTY,8
3657-COGMW,7
6583-SZVGP,8
9861-PDSZP,9
2834-JRTUA,9
2692-AQCPF,8
2651-ZCBXV,9
1400-WIVLL,8
6386-SZZKH,8
2081-VEYEH,3
5760-IFJOZ,3
9844-FELAJ,8
1698-XFZCI,8
2000-MPKCA,8
1833-TCXKK,5
8915-NNTRC,9
7821-DPRQE,8
3096-YXENJ,9
4683-WYDOU,8
8327-LZKAS,6
0114-PEGZZ,4
5954-BDFSG,9
2615-YVMYX,7
2886-KEFUM,7
8800-ZKRFW,4
8265-HKSOW,10
4056-QHXHZ,10
5336-UFNZP,7
9036-CSKBW,8
8024-XNAFQ,9
6394-MFYNG,6
9659-ZTWSM,8
4566-GOLUK,6
6815-ABQFQ,7
8565-HBFNN,9
1297-VQDRP,8
5481-NTDOH,8
4716-HHKQH,4
3758-CKOQL,9
6777-TGHTM,8
9137-UIYPG,7
3606-TWKGI,2
3786-WOVKF,8
4119-ZYPZY,8
5035-PGZXH,7
1784-EZDKJ,7
8152-UOBNY,7
9558-IHEZX,9
9572-MTILT,8
9710-ZUSHQ,5
9959-WOFKT,9
5055-BRMNE,10
2027-FECZV,3
5855-EIBDE,9
1169-SAOCL,8
6591-QGOYB,6
6465-GSRCL,9
6804-GDMOI,8
4010-YLMVT,7
7825-ECJRF,5
8849-GYOKR,8
6050-IJRHS,8
5748-RNCJT,9
3692-JHONH,6
9822-WMWVG,7
8535-SFUTN,6
1502-XFCVR,8
7718-UPSKJ,9
8938-UMKPI,4
7048-GXDAY,5
1552-AAGRX,7
8118-LSUEL,2
5161-UBZXI,10
4220-TINQT,6
5630-IXDXV,5
5380-WJKOV,4
3757-NJYBX,4
8107-RZLNV,8
3374-TTZTK,9
0337-CNPZE,4
7067-KSAZT,6
1548-FEHVL,7
6994-FGRHH,9
6377-WHAOX,5
9912-OMZDS,7
7599-FKVXZ,5
3957-LXOLK,2
3865-YIOTT,9
5668-MEISB,10
1452-UZOSF,10
9651-GTSAQ,8
1899-VXWXM,7
3325-FUYCG,7
1309-BXVOQ,4
5804-HYIEZ,7
7762-URZQH,9
1017-FBQMM,8
4393-RYCRE,7
1621-YNCJH,9
3259-FDWOY,8
5469-CTCWN,8
8651-ENBZX,7
5056-FIMPT,9
8564-LDKFL,6
6425-YQLLO,8
1228-FZFRV,7
0691-NIKRI,7
5130-IEKQT,4
1113-IUJYX,8
2172-EJXVF,7
5647-FXOTP,6
7752-XUSCI,6
1400-MMYXY,1
8777-MBMTS,9
4525-VZCZG,9
2249-YPRNG,3
1104-TNLZA,3
8999-XXGNS,8
0308-GIQJT,9
2056-EVGZL,9
3858-XHYJO,7
6900-PXRMS,4
5569-IDSEY,8
4753-PADAS,8
1421-HCERK,6
8868-WOZGU,4
2722-VOJQL,9
3186-AJIEK,9
0266-CLZKZ,9
8111-SLLHI,3
3932-CMDTD,4
0853-TWRVK,10
5897-ZYEKH,8
5285-MVEHD,9
0401-WDBXM,9
3363-DTIVD,9
4323-OHFOW,8
4446-BZKHU,6
0678-RLHVP,8
1090-ESELR,10
4389-UEFCZ,9
7207-RMRDB,7
5339-TJFEK,8
0193-ESZXP,9
5129-JLPIS,6
3389-YGYAI,2
8677-HDZEE,7
0479-HMSWA,7
1060-ENTOF,9
6048-UWKAL,9
5174-ITUMV,8
9586-JGQKH,9
4191-XOVOM,8
7055-VKGDA,9
1576-PFZIW,9
6050-FFXES,9
0899-WZRSD,8
2133-TSRRM,6
2697-NQBPF,5
8059-UDZFY,4
5947-SGKCL,3
5052-PNLOS,1
9090-SGQXL,6
7145-FEJWU,2
6734-GMPVK,3
4587-VVTOX,1
5965-GGPRW,9
4043-MKDTV,9
4378-MYPGO,9
8984-EYLLL,8
3419-SNJJD,7
3567-PQTSO,7
6891-JPYFF,7
5440-VHLUL,8
1469-LBJQJ,6
1448-CYWKC,8
7722-CVFXN,8
2165-VOEGB,9
7789-HKSBS,6
9661-ACXBS,5
5360-LJCNJ,9
9408-HRXRK,6
5287-QWLKY,8
1090-PYKCI,9
3197-NNYNB,9
2806-MLNTI,7
5118-MUEYH,6
2874-YXVVA,5
0207-MDKNV,6
6734-FQAJX,9
5055-MGMGF,7
2560-PPCHE,8
7544-ZVIKX,8
4484-GLZOU,5
7516-GMHUV,8
0392-BZIUW,9
5985-BEHZK,9
6837-HAEVO,8
3838-OZURD,7
6769-DCQLI,8
6518-LGAOV,4
3197-ARFOY,6
6496-SLWHQ,2
7203-OYKCT,8
3170-GWYKC,8
2786-GCDPI,5
9601-BRXPO,4
2984-TBYKU,10
2664-XJZNO,10
4815-YOSUK,9
5553-AOINX,7
2883-ILGWO,6
3001-CBHLQ,4
0471-ARVMX,7
6807-SIWJI,6
9221-OTIVJ,2
5286-YHCVC,9
0100-DUVFC,7
3552-CTCYF,8
9412-GHEEC,6
4480-MBMLB,6
7892-POOKP,4
5193-QLVZB,8
4840-ORQXB,6
4612-THJBS,7
6661-HBGWL,4
8634-CILSZ,8
2001-EWBQU,8
9851-QXEEQ,5
2359-QWQUL,8
3324-OIRTO,9
5074-FBGHB,8
3685-YLCMQ,7
8329-UTMVM,5
8625-AZYZY,4
8466-PZBLH,9
6797-UCJHZ,8
6680-NENYN,6
9927-DSWDF,6
6408-OTUBZ,9
4913-EHYUI,8
5149-TGWDZ,6
0565-JUPYD,9
6771-XWBDM,6
8552-OBVRU,7
0093-XWZFY,5
5370-IIVVL,7
8123-QBNAZ,6
5376-PCKNB,9
3597-YASZG,9
5732-IKGQH,8
8818-DOPVL,4
8952-WCVCD,8
5995-SNNEW,3
7940-UQQUG,9
2324-EFHVG,8
7124-UGSUR,7
5802-ADBRC,7
6603-QWSPR,8
2080-CAZNM,3
5219-YIPTK,3
4423-YLHDV,4
0654-HMSHN,4
5923-GXUOC,4
1875-QIVME,2
2378-VTKDH,6
2519-LBNQL,7
1550-EENBN,5
5956-YHHRX,1
7208-PSIHR,9
6616-AALSR,9
6341-AEVKX,9
0895-DQHEW,6
9154-QDGTH,8
3096-JRDSO,4
9821-BESNZ,8
2360-RDGRO,7
6892-XPFPU,2
5385-SUIRI,6
4077-CROMM,5
9874-QLCLH,4
0917-EZOLA,8
6257-DTAYD,9
6728-DKUCO,9
4088-YLDSU,8
9168-INPSZ,6
8313-NDOIA,2
5716-LIBJC,5
6374-NTQLP,9
5678-VFNEQ,9
7694-VLBWQ,8
0960-HUWBM,9
6353-BRMMA,7
3384-CTMSF,4
2107-FBPTK,2
2369-UAPKZ,2
8089-UZWLX,8
6305-YLBMM,9
3763-GCZHZ,8
0868-VJRDR,9
7572-KPVKK,8
2927-CVULT,9
2325-WINES,6
4391-RESHN,4
5293-WXJAK,3
4853-RULSV,9
4129-LYCOI,9
7036-TYDEC,9
2252-JHJGE,8
7663-YJHSN,9
9958-MEKUC,10
5502-RLUYV,7
4488-KQFDT,7
0877-SDMBN,8
8033-VCZGH,7
3001-UNBTL,3
8433-WPJTV,8
2830-LEWOA,9
5519-YLDGW,4
6646-VRFOL,5
3804-RVTGV,6
2038-LLMLM,6
7181-OQCUT,6
9919-YLNNG,7
4097-YODCF,7
4822-LPTYJ,9
0862-PRCBS,9
6646-QVXLR,7
3413-DHLPB,8
7251-LJBQN,7
8267-ZNYVZ,7
0036-IHMOT,9
1842-EZJMK,7
0280-XJGEX,6
2750-BJLSB,8
5136-KCKGI,7
6749-UTDVX,8
3005-TYFRD,6
3932-IJWDZ,6
2832-KJCRD,5
9129-UXERG,4
7426-GSWPO,7
1035-IPQPU,6
9801-GDWGV,5
7774-OJSXI,5
4298-OYIFC,3
8809-RIHDD,8
1343-EHPYB,6
4816-OKWNX,9
7089-IVVAZ,4
8715-KKTFG,8
2357-COQEK,3
5449-FIBXJ,5
9625-QNLUX,9
2239-JALAW,7
4800-CZMPC,8
2234-XADUH,9
2530-FMFXO,8
6766-HFKLA,9
1442-OKRJE,9
5696-CEIQJ,9
4832-VRBMR,7
7047-FWEYA,7
3086-RUCRN,9
7975-TZMLR,6
2018-PZKMU,5
4188-FRABG,8
4062-HBMOS,6
2931-XIQBR,9
8133-ANHHJ,9
7142-HVGBG,5
4550-VBOFE,6
0639-TSIQW,8
2034-CGRHZ,3
4199-QHJNM,9
7134-MJPDY,8
6402-ZFPPI,4
4658-HCOHW,5
4983-CLMLV,7
2878-RMWXY,9
3352-ALMCK,6
2019-HDCZY,8
3058-HJCUY,7
2439-LYPMQ,4
9547-ITEFG,4
0365-BZUWY,2
0330-BGYZE,8
9432-RUVSL,9
1347-KTTTA,9
6097-EQISJ,8
7181-BQYBV,3
0201-MIBOL,8
7233-DRTRF,6
0520-FDVVT,6
0871-URUWO,3
0481-SUMCB,6
6999-CHVCF,9
8979-CAMGB,8
9076-AXYIK,9
0348-SDKOL,7
1465-VINDH,3
4238-JSSWH,4
5445-PZWGX,9
6688-UZPWD,2
8884-ADFVN,1
7056-IMHCC,4
4676-MQUEA,8
0402-CQAJN,5
9323-HGFWY,7
6967-QIQRV,7
2474-BRUCM,5
3629-ZNKXA,3
2623-DRYAM,7
1723-HKXJQ,5
8903-WMRNW,4
0702-PGIBZ,2
0580-PIQHM,8
5628-RKIFK,6
5299-SJCZT,1
0406-BPDVR,7
1028-FFNJK,3
8118-TJAFG,3
2692-BUCFV,4
5419-JPRRN,2
2452-KDRRH,7
5298-GSTLM,7
9600-NAXZN,4
4958-XCBDQ,4
2603-HVKCG,4
1335-HQMKX,8
6500-JVEGC,9
4553-DVPZG,6
2809-ZMYOQ,3
8429-XIBUM,4
0125-LZQXK,4
3902-FOIGH,2
7234-FECYN,2
0019-EFAEP,9
4884-TVUQF,9
4289-DTDKW,4
7748-UMTRK,4
5569-OUICF,4
6693-FRIRW,5
5811-IWXYM,8
0147-ESWWR,4
0886-QGENL,5
4597-NUCQV,2
3663-MITLP,3
7182-OVLBJ,9
4455-BFSPD,8
3716-LRGXK,9
8378-LKJAF,4
3167-SNQPL,5
0302-JOIVN,3
0880-TKATG,3
5453-YBTWV,10
4523-WXCEF,6
2014-MKGMH,5
9825-YCXWZ,7
6029-WTIPC,3
0680-DFNNY,2
2898-MRKPI,8
1095-WGNGG,8
7901-TBKJX,5
2430-USGXP,3
2521-NPUZR,10
4433-JCGCG,3
8374-XGEJJ,3
5828-AVIPD,4
6023-YEBUP,2
9848-JQJTX,9
8402-EIVQS,9
7879-CGSFV,8
2696-ECXKC,8
2040-VZIKE,7
7881-INRLC,5
0899-LIIBW,5
6326-MTTXK,3
4132-KALRO,4
1013-QCWAM,5
6851-WEFYX,3
8510-AWCXC,2
7216-EWTRS,0
3756-VNWDH,7
2293-IJWPS,7
9079-LWTFD,9
7587-AOVVU,7
5590-BYNII,4
7315-WYOAW,4
4078-SAYYN,2
3096-WPXBT,9
7641-EUYET,7
0265-PSUAE,6
5781-BKHOP,9
3791-LGQCY,5
5671-UUNXD,7
5278-PNYOX,9
7392-YYPYJ,2
3768-NLUBH,6
8384-FZBJK,6
3190-XFANI,7
1932-UEDCX,3
2968-SSGAA,1
4822-RVYBB,1
8809-XKHMD,10
0218-QNVAS,9
7549-MYGPK,8
2924-KHUVI,8
8761-NSOBC,7
1217-VASWC,7
7641-TQFHN,8
6481-ESCNL,5
7663-ZTEGJ,8
6615-NGGZJ,3
6463-HHXJR,10
0512-FLFDW,7
0434-CSFON,4
8840-DQLGN,7
8982-NHAVY,5
7714-YXSMB,4
0781-LKXBR,1
9681-OXGVC,2
8659-IOOPU,10
9139-WQQDY,8
1116-DXXDF,8
6116-RFVHN,3
4998-IKFSE,4
7029-RPUAV,3
6847-KJLTS,6
8216-AZUUZ,8
1641-RQDAY,3
1482-OXZSY,5
0722-SVSFK,2
8091-TTVAX,8
0516-OOHAR,7
9330-IJWIO,2
8375-KVTHK,9
5223-UZAVK,9
4710-FDUIZ,8
3253-HKOKL,9
5447-WZAFP,8
0853-NWIFK,8
2800-QQUSO,5
5816-QVHRX,7
9889-TMAHG,6
9402-ROUMJ,9
6199-IWKGC,7
0939-YAPAF,3
3393-FMZPV,3
5299-RULOA,3
3178-FESZO,1
9028-LIHRP,10
0324-BRPCJ,6
4366-CTOUZ,9
4817-VYYWS,4
7272-QDCKA,5
3621-CEOVK,1
2656-TABEH,1
7379-FNIUJ,3
4837-QUSFT,9
2382-BCKQJ,7
0596-BQCEQ,7
3162-KKZXO,5
9233-PSYHO,5
9094-AZPHK,3
2612-RANWT,2
2754-SDJRD,3
5515-AKOAJ,6
2578-JQPHZ,9
2632-UCGVD,7
9518-RWHZL,8
5090-EMGTC,9
0931-MHTEM,9
8634-MPHTR,3
2669-OIDSD,7
1666-JXLKU,4
8397-MVTAZ,3
9647-ERGBE,4
1956-YIFGE,6
0727-BMPLR,6
7486-KSRVI,7
0327-WFZSY,7
8709-KRDVL,4
6849-OYAMU,8
3473-XIIIT,3
0089-IIQKO,6
1254-IZEYF,2
3511-APPBJ,7
5883-GTGVD,3
1571-SAVHK,3
3440-JPSCL,4
6234-RAAPL,10
4937-QPZPO,7
2748-MYRVK,9
0356-OBMAC,9
0380-NEAVX,5
0320-JDNQG,5
4686-UXDML,3
8784-CGILN,4
8443-WVPSS,4
8785-CJSHH,6
1091-SOZGA,8
6651-AZVTJ,5
8631-WUXGY,7
2845-AFFTX,4
3811-VBYBZ,2
5419-CONWX,3
2805-EDJPQ,9
0420-HLGXF,3
7240-FQLHE,4
0107-YHINA,1
6211-WWLTF,9
1545-ACTAS,8
4128-ETESU,5
4713-ZBURT,8
6543-XRMYR,2
6215-NQCPY,3
7783-YKGDV,4
8065-QBYTO,9
2674-MLXMN,7
8769-KKTPH,8
3070-BDOQC,8
8468-EHYJA,6
0572-ZJKLT,9
5693-PIPCS,8
0447-RXSGD,4
9305-CDSKC,2
2265-CYWIV,2
9938-TKDGL,9
4803-AXVYP,5
8818-XYFCQ,6
2012-NWRPA,2
6227-FBDXH,9
1587-FKLZB,6
2003-CKLOR,8
4791-QRGMF,7
3349-ANQNH,6
6103-LIANB,8
0320-DWVTU,9
2568-OIADY,4
4009-ALQFH,4
0897-FEGMU,2
0979-PHULV,7
6627-CFOSN,8
8019-ENHXU,6
7954-MLBUN,8
7450-NWRTR,2
6210-KBBPI,2
0665-XHDJU,8
7005-CYUIL,9
0487-RPVUM,9
7103-IPXPJ,8
9732-EQMWY,7
7780-OTDSO,4
1325-USMEC,9
4419-UJMUS,9
6196-HBOBZ,9
6467-CHFZW,5
3524-WQDSG,5
8929-KSWIH,8
5480-TBGPH,4
4445-ZJNMU,3
9570-KYEUA,10
5578-NKCXI,9
2284-VFLKH,8
2519-FAKOD,4
0080-OROZO,6
3934-HXCFZ,5
6861-XWTWQ,1
2277-BKJKN,8
2995-UPRYS,7
2153-MREFK,8
0742-LAFQK,9
3705-RHRFR,9
9974-JFBHQ,8
0310-MVLET,6
2371-KFUOG,9
6907-NZZIJ,4
2227-JRSJX,6
4236-XPXAV,5
8065-BVEPF,7
1360-JYXKQ,7
6383-ZTSIW,8
9420-LOJKX,4
5716-EZXZN,10
5331-RGMTT,5
5536-RTPWK,6
3588-WSTTJ,4
7028-DVOIQ,4
3565-UNOCC,3
3230-JCNZS,9
1545-JFUML,9
4049-ZPALD,9
2277-DJJDL,6
9705-IOVQQ,8
5649-RXQTV,6
7064-FRRSW,5
0959-WHOKV,7
0815-MFZGM,8
2025-JKFWI,4
6956-SMUCM,4
9402-CXWPL,8
2675-DHUTR,5
0354-WYROK,5
4315-MURBD,6
3587-PMCOY,4
0422-UXFAP,6
1751-NCDLI,4
3312-UUMZW,5
6088-BXMRG,4
3005-NFMTA,5
5229-DTFYB,8
5394-SVGJV,7
0468-YRPXN,6
6845-RGTYS,7
7079-QRCBC,3
1075-BGWOH,2
4686-GEFRM,9
0946-CLJTI,5
1427-VERSM,7
6988-CJEYV,6
7856-GANIL,8
9133-AYJZG,3
9172-ANCRX,3
7938-OUHIO,3
7730-CLDSV,9
9571-EDEBV,8
4902-OHLSK,5
6559-PDZLR,5
2208-UGTGR,7
9770-KXGQU,9
8949-JTMAY,4
9254-RBFON,7
3211-AAPKX,4
6683-VLCTZ,2
5138-WVKYJ,4
4021-RQSNY,2
4598-XLKNJ,3
1450-GALXR,3
1455-UGQVH,2
1131-SUEKT,9
1323-OOEPC,6
1866-RZZQS,4
5663-QBGIS,9
3545-CNWRG,5
4735-ASGMA,3
6797-LNAQX,9
1543-LLLFT,8
9734-YWGEX,4
2929-QNSRW,7
1357-BIJKI,7
2446-BEGGB,2
1937-OTUKY,9
4472-VESGY,8
5996-NRVXR,9
0952-KMEEH,4
2506-CLAKW,6
2665-NPTGL,2
2454-RPBRZ,1
7295-JOMMD,4
5312-UXESG,6
5150-LJNSR,8
0655-RBDUG,2
3134-DSHVC,9
6284-KMNUF,8
0011-IGKFF,2
6176-YJWAS,9
5268-DSMNQ,8
0575-CUQOV,7
6559-RAKOZ,7
6108-OQZDQ,2
0329-GTIAJ,3
1304-SEGFY,8
8168-UQWWF,3
2480-EJWYP,7
8276-MQBYC,5
3133-PZNSR,10
5294-IMHHT,9
8152-VETUR,9
4947-DSMXK,4
0326-VDYXE,7
0727-BNRLG,9
0670-ANMUU,9
6393-WRYZE,4
5740-YHGTW,9
1573-LGXBA,8
4159-NAAIX,9
9445-SZLCH,6
7969-AULMZ,2
3339-EAQNV,8
9715-WZCLW,9
9933-QRGTX,9
6035-RIIOM,8
9833-TGFHX,7
5981-ITEMU,4
6645-MXQJT,4
6821-JPCDC,7
3898-GUYTS,7
6719-FGEDO,10
4654-DLAMQ,9
6874-SGLHU,6
3644-QXEHN,3
5827-MWCZK,8
3327-YBAKM,9
5327-CNLUQ,9
3323-CPBWR,6
4007-NHVHI,7
9290-SHCMB,2
1264-BYWMS,5
9961-JBNMK,4
9909-IDLEK,6
0480-BIXDE,3
3009-JWMPU,7
0486-HECZI,7
5195-KPUNQ,9
0824-VWDPO,9
8547-NSBBO,8
9809-IMGCQ,2
4194-WHFCB,8
2085-BOJKI,5
6821-BUXUX,4
8844-TONUD,3
2057-BOYKM,10
6242-FEGFD,10
7813-ZGGAW,5
6635-CPNUN,6
9057-SIHCH,0
1265-XTECC,9
6899-PPEEA,3
7826-VVKWT,6
2604-IJPDU,6
4566-NECEV,3
0898-XCGTF,8
4039-HEUNW,3
5937-EORGB,3
1010-DIAUQ,4
1810-BOHSY,8
8245-UMPYT,1
3841-NFECX,10
4657-FWVFY,6
9508-ILZDG,5
3500-RMZLT,5
1527-SXDPN,9
7548-SEPYI,3
5655-JSMZM,4
0963-ZBDRN,5
3737-GCSPV,5
4060-LDNLU,3
5959-BELXA,3
5565-FILXA,2
9544-PYPSJ,7
9114-VEPUF,9
5014-WUQMG,8
5980-NOPLP,5
6862-CQUMB,6
0306-JAELE,3
4829-AUOAX,6
9692-TUSXH,4
7526-BEZQB,2
6728-VOIFY,8
6365-MTGZX,5
2180-DXNEG,2
3158-MOERK,1
9391-LMANN,9
9495-SKLKD,6
4647-MUZON,4
8639-NHQEI,9
4989-LIXVT,7
1771-OADNZ,4
8393-DLHGA,4
6234-PFPXL,7
9190-MFJLN,2
7426-RHZGU,4
2858-EIMXH,7
9909-DFRJA,8
0754-UKWQP,1
1393-IMKZG,2
9128-CPXKI,9
2037-XJFUP,5
0916-QOFDP,3
0020-INWCK,9
6265-SXWBU,9
0407-BDJKB,7
3319-DWOEP,2
5473-KHBPS,8
7480-QNVZJ,4
6212-ATMLK,4
7011-CVEUC,6
2507-QZPQS,5
8272-ONJLV,4
1696-HXOWK,9
8905-IAZPF,8
7629-WFGLW,9
2279-AXJJK,8
8910-ICHIU,9
3269-ATYWD,4
3853-LYGAM,4
3585-ISXZP,3
8413-VONUO,3
6857-VWJDT,2
8610-WFCJF,5
3597-MVHJT,3
0637-YLETY,3
3320-VEOYC,1
3643-AHCFP,2
6356-ELRKD,2
4690-PKDQG,5
2237-ZFSMY,8
0576-WNXXC,3
7375-WMVMT,9
7188-CBBBA,8
9412-ARGBX,9
5302-BDJNT,6
0564-MUUQK,5
5649-VUKMC,6
0564-JJHGS,2
4929-XIHVW,2
9776-OJUZI,7
3318-OSATS,2
1658-BYGOY,2
8098-LLAZX,1
0295-PPHDO,2
4742-DRORA,9
0701-RFGFI,6
4724-WXVWF,8
0396-YCHWO,3
9279-CJEOJ,3
2984-AFWNC,3
8755-IWJHN,7
2660-EMUBI,1
8357-EQXFO,2
9494-BDNNC,9
2386-OWURY,7
8421-WZOOW,8
9921-EZKBY,6
9793-WECQC,5
1447-PJGGA,8
3207-OYBWH,7
4187-CINZD,8
7547-EKNFS,5
2824-MYYBN,5
9061-TIHDA,1
1960-UYCNN,2
6244-BESBM,9
3946-JEWRQ,6
6568-POCUI,8
2754-VDLTR,3
3049-SOLAY,0
5149-QYTTU,10
4531-AUZNK,9
5982-FPVQN,5
3003-CMDUU,5
4659-NZRUF,5
9512-UIBFX,5
6328-ZPBGN,3
7851-WZEKY,1
7765-LWVVH,9
1930-QPBVZ,10
6838-YAUVY,9
2270-CHBFN,9
6075-SLNIL,5
6242-MBHPK,3
5382-SOYZL,2
5183-SNMJQ,5
9944-HKVVB,3
5649-ANRML,4
5178-LMXOP,0
5889-JTMUL,5
1095-JUDTC,6
3951-NJCVI,4
2823-LKABH,4
3793-MMFUH,2
7080-TNUWP,9
8961-QDZZJ,8
7607-QKKTJ,8
7123-WQUHX,8
4083-BFNYK,8
5119-KEPFY,5
2105-PHWON,6
2475-MROZF,8
1597-LHYNC,5
1194-HVAIF,5
0094-OIFMO,2
3874-EQOEP,3
0684-AOSIH,3
6242-SGYTS,9
4391-LNRXK,6
3452-GWUIN,1
5349-IECLD,3
6732-FZUGP,9
2379-GYFLQ,8
2359-KLTEK,5
8465-SBRXP,8
7209-JCUDS,2
9714-EDSUC,6
7398-SKNQZ,2
0691-JVSYA,7
3045-XETSH,3
2344-JMOGN,6
3387-VATUS,1
5150-ITWWB,0
8174-TBVCF,10
1004-NOZNR,9
8945-MUQUF,8
6322-PJJDJ,8
2558-BUOZZ,9
7982-VCELR,5
8947-YRTDV,9
7225-CBZPL,2
0060-FUALY,8
3807-BPOMJ,8
1732-FEKLD,8
5144-TVGLP,4
8017-LXHFA,4
3096-GKWEB,2
7943-RQCHR,2
5168-MSWXT,3
6350-XFYGW,2
2972-YDYUW,9
3571-DPYUH,9
1472-TNCWL,5
0148-DCDOS,4
3647-GMGDH,4
5955-ERIHD,3
0325-XBFAC,2
6502-HCJTI,3
0129-KPTWJ,7
6173-GOLSU,6
5364-XYIRR,5
2927-QRRQV,7
2037-SGXHH,6
4831-EOBFE,7
4124-MMETB,3
0848-ZGQIJ,3
6583-KQJLK,3
2434-EEVDB,9
4070-OKWVH,7
9058-MJLZC,5
5567-WSELE,1
4910-GMJOT,2
1830-GGFNM,10
5439-WIKXB,5
9898-KZQDZ,5
6522-YRBXD,5
4971-PUYQO,3
1626-ERCMM,2
3338-CVVEH,2
9699-UBQFS,6
5244-IRFIH,2
5899-OUVKV,5
1481-ZUWZA,6
6101-IMRMM,5
2190-PHBHR,9
3143-ILDAL,8
7271-AJDTL,7
0440-UEDAI,9
5197-PYEPU,8
9253-QXKBE,2
4385-GZQXV,3
3217-FZDMN,3
4192-GORJT,1
9058-HRZSV,8
6270-OMFIW,8
2267-FPIMA,8
3410-MHHUM,8
2347-WKKAE,6
9574-RKJIF,6
8294-UIMBA,7
9658-WYUFB,5
2979-SXESE,5
5698-BQJOH,3
9763-PDTKK,5
9223-UCPVT,2
3351-NQLDI,9
5998-DZLYR,9
5887-IKKYO,9
8597-CWYHH,7
5443-SCMKX,7
5461-QKNTN,6
5274-XHAKY,7
5161-XEUVX,8
0730-KOAVE,6
9919-KNPOO,2
4332-MUOEZ,8
1374-DMZUI,1
4024-CSNBY,10
1728-CXQBE,7
3927-NLNRY,8
8621-MNIHH,3
4094-NSEDU,2
8063-RJYNF,4
2645-QTLMB,3
7789-CRUVC,9
8708-XPXHZ,5
0082-OQIQY,5
5935-FCCNB,1
5519-NPHVG,1
9093-FPDLG,5
2929-ERCFZ,3
3006-XIMLN,2
7218-HKQFK,2
1150-FTQGN,9
1346-PJWTK,9
1370-GGAWX,7
3392-EHMNK,10
2533-QVMSK,9
5334-JLAXU,8
0956-ACVZC,8
4760-THGOT,7
3976-BWUCK,6
9360-OMDZZ,2
5609-CEBID,4
0023-XUOPT,4
8161-QYMTT,1
2931-VUVJN,9
9600-UDOPK,4
8087-LGYHQ,3
9979-RGMZT,4
6137-NICCO,3
9391-YZEJW,7
2267-WTPYD,7
7921-LMDFQ,7
9972-VAFJJ,8
6833-JMZYP,3
2982-VPSGI,2
1567-DSCIC,3
2720-WGKHP,0
9300-AGZNL,0
0111-KLBQG,5
2225-ZRGSG,10
4307-KTUMW,8
1608-GMEWB,5
7268-IGMFD,5
5380-AFSSK,3
0397-GZBBC,6
5002-GCQFH,7
9912-GVSEQ,3
2719-BDAQO,5
4626-GYCZP,2
4424-TKOPW,0
7024-OHCCK,0
8149-RSOUN,0
8749-JMNKX,7
3062-ICYZQ,7
1644-IRKSF,5
8914-RBTSB,6
1855-AGAWH,6
7852-LECYP,5
0716-BQNDX,9
2530-ENDWQ,9
3214-IYUUQ,10
8178-EYZUO,7
1591-MQJTP,7
1470-PSXNM,7
0376-OIWME,5
7402-EYFXX,2
0623-EJQEG,9
8166-ORCHU,8
9189-JWSHV,2
9025-AOMKI,1
9497-QCMMS,1
3316-UWXUY,9
4075-JFPGR,9
0674-DGMAQ,4
2985-FMWYF,2
1731-TVIUK,3
0887-WBJVH,8
9777-IQHWP,9
5708-EVONK,8
1685-BQULA,6
6578-KRMAW,7
6300-BWMJX,8
7422-WNBTY,4
0236-HFWSV,3
7710-JSYOA,9
6521-YYTYI,1
8197-BFWVU,10
3144-KMTWZ,8
4250-WAROZ,7
1485-YDHMM,8
3779-OSWCF,10
8290-YWKHZ,2
5482-VXSXJ,5
7562-GSUHK,4
7159-NOKYQ,9
8268-YDIXR,9
2840-XANRC,3
7322-OCWHC,10
2371-JQHZZ,2
5141-ZUVBH,7
0943-ZQPXH,6
7483-IQWIB,5
8670-MEFCP,9
5149-CUZUJ,9
6986-IXNDM,3
5312-IRCFR,8
1930-WNXSB,7
6435-VWCCY,9
2074-GUHPQ,6
0244-LGNFY,10
6198-RTPMF,3
3162-ZJZFU,8
5977-CKHON,5
7668-XCFYV,2
6100-QQHEB,2
3990-QYKBE,3
5747-PMBSQ,5
2462-XIIJB,2
9589-ABEPT,9
8580-QVLOC,10
0248-PGHBZ,10
2167-FQSTQ,10
3466-RITXD,6
3348-CFRNX,6
3967-KXAPS,10
9480-BQJEI,9
2000-DHJUY,10
1568-LJSZU,10
8417-GSODA,6
1063-DHQJF,9
9644-KVCNC,8
4879-GZLFH,5
4145-UQXUQ,1
0516-UXRMT,9
9778-OGKQZ,10
2990-IAJSV,10
8752-GHJFU,9
3084-DOWLE,10
3318-NMQXL,1
4718-WXBGI,10
2974-GGUXS,5
9614-RMGHA,8
4558-FANTW,7
5442-UTCVD,3
0595-ITUDF,9
9940-HPQPG,6
1642-HMARX,10
7975-JMZNT,10
3717-LNXKW,7
2684-EIWEO,7
3186-BAXNB,5
5712-AHQNN,6
6692-UDPJC,4
6892-EZDTG,2
1455-HFBXA,9
3227-WLKLI,10
4001-TSBTV,8
0093-EXYQL,5
4583-PARNH,4
6745-JEFZB,6
9402-ORRAH,2
5095-AESKG,3
4927-WWOOZ,2
8414-MYSHR,2
9546-CQJSU,1
9297-EONCV,10
4184-VODJZ,8
9904-EHEVJ,4
7401-JIXNM,10
1707-HABPF,7
3398-FSHON,3
3988-RQIXO,1
7579-KKLOE,10
0750-EBAIU,9
5681-LLOEI,9
8849-AYPTR,5
3736-BLEPA,7
6712-OAWRH,3
0365-TRTPY,8
0048-LUMLS,8
1227-UDMZR,10
7402-PWYJJ,8
9576-SYUHJ,6
8714-EUHJO,4
5091-HFAZW,3
5982-PSMKW,9
1195-OIYEJ,2
6818-DJXAA,4
2672-HUYVI,2
5377-NDTOU,10
2573-GYRUU,6
7739-LAXOG,5
5222-IMUKT,5
1389-CXMLU,2
2378-HTWFW,7
5213-TWWJU,7
4619-EVPHY,3
1379-FRVEB,3
2472-OVKUP,2
3569-JFODW,10
1971-DTCZB,10
7973-DZRKH,10
3104-OWCGK,9
7432-FFVAR,9
8189-XRIKE,4
8563-OYMQY,4
4373-MAVJG,4
2988-GBIVW,8
7481-ATQQS,6
5281-BUZGT,5
5167-ZFFMM,2
9725-SCPZG,2
5214-NLTIT,9
5727-MYATE,10
6258-PVZWJ,10
8189-HBVRW,8
4377-VDHYI,7
9172-JITSM,3
1891-UAWWU,4
0112-QAWRZ,4
9846-GKXAS,2
7330-WZLNC,3
8622-ZLFKO,2
4137-BTIKL,4
2725-KXXWT,1
6794-HKIAJ,9
9281-OFDMF,6
5692-ICXLW,4
6486-LHTMA,4
3771-PZOBW,4
9050-QLROH,4
0577-WHMEV,6
0432-CAJZV,4
8413-YNHNV,10
6908-VVYHM,7
5198-EFNBM,7
8679-LZBMD,7
9386-LDCZR,9
2495-KZNFB,5
5339-PXDVH,4
1951-IEYXM,10
6481-OGDOO,9
1897-OKVMW,10
2911-IJORQ,9
0376-YMCJC,4
4325-NFSKC,3
7928-VJYAB,4
5797-APWZC,3
8775-LHDJH,1
7398-HPYZQ,10
3508-VLHCZ,10
8646-JCOMS,9
1020-JPQOW,8
5325-UWTWJ,8
7979-CORPM,4
7294-TMAOP,2
7274-RTAPZ,1
9224-VTYID,10
6741-EGCBI,5
6284-AHOOQ,5
7156-MHUGY,3
9548-ZMVTX,10
0016-QLJIS,10
7820-ZYGNY,9
5414-OFQCB,9
4918-FYJNT,8
1174-FGIFN,7
6507-ZJSUR,2
1236-WFCDV,4
1579-KLYDT,2
0795-LAFGP,10
7449-HVPIV,7
5131-PONJI,7
8782-LKFPK,6
8496-DMZUK,8
4607-CHPCA,6
8266-VBFQL,4
0258-NOKBL,3
2034-GDRCN,1
5684-FJVYR,10
5248-KWLAR,10
1710-RCXUS,8
9469-WEJBT,7
4873-ILOLJ,3
2252-ISRNH,4
8212-DJRCH,5
0139-IVFJG,5
0730-BGQGF,10
9348-ROUAI,10
5504-WSIUR,9
5248-YGIJN,10
4423-JWZJN,9
8012-SOUDQ,4
6032-KRXXO,4
4813-HQMGZ,3
8871-JLMHM,10
6319-IEJWJ,3
9170-CCKOU,7
5248-RPYWW,10
6122-LJADA,10
9691-HKOVS,9
9419-IPPBE,7
5913-INRQV,9
1173-NOEYG,6
9921-QFQUL,5
7321-PKUYW,4
2400-XIWIO,10
6893-ODYYE,9
7016-NVRIC,8
0431-APWVY,6
0975-UYDTX,9
9524-EGPJC,5
6969-MVBAI,2
8780-IXSTS,2
1941-HOSAM,2
1568-BEKZM,10
2977-CEBSX,10
8405-IGQFX,9
8058-DMYRU,5
4554-YGZIH,7
3154-CFSZG,8
3161-GETRM,6
6267-DCFFZ,3
0634-SZPQA,5
4183-MYFRB,4
4228-ZGYUW,2
2207-QPJED,7
2322-VCZHZ,5
7270-BDIOA,4
9492-TOKRI,5
3703-VAVCL,5
1891-FZYSA,7
7691-XVTZH,9
8182-BJDSI,3
2139-FQHLM,6
1302-UHBDD,3
9436-ZBZCT,4
4674-HGNUA,10
5117-ZSMHQ,10
0839-JTCUD,10
1215-FIGMP,7
3640-PHQXK,4
4811-JBUVU,6
8751-EDEKA,6
3027-ZTDHO,1
7503-MIOGA,10
1775-KWJKQ,10
2176-LVPNX,10
6266-QHOJZ,9
2205-LPVGL,9
7529-ZDFXI,7
4908-XAXAY,8
5886-VLQVU,6
7682-AZNDK,5
8565-CLBZW,5
1112-CUNAO,3
3071-VBYPO,5
7952-OBOYL,3
7408-OFWXJ,10
4462-CYWMH,7
0058-EVZWM,7
4402-FTBXC,9
9526-JAWYF,6
2114-MGINA,3
8337-UPOAQ,1
1624-NALOJ,2
9489-JMTTN,10
4701-LKOZD,10
8079-XRJRS,9
6917-YACBP,8
1754-GKYPY,4
0135-NMXAP,3
1522-VVDMG,4
3462-BJQQA,1
5968-XQIVE,9
0238-WHBIQ,10
1935-IMVBB,8
4137-JOPHL,9
5198-HQAEN,8
8922-LIEGH,4
8999-BOHSE,3
2863-IMQDR,10
0725-CXOTM,9
9470-XCCEM,6
6897-UUBNU,7
5922-ABDVO,4
1670-SVOWZ,6
6818-WOBHJ,7
0929-PECLO,7
6906-MPARY,8
4821-SJHJV,6
2432-TFSMK,5
9565-DJPIB,4
3398-GCPMU,10
9350-VLHMB,8
9742-XOKTS,10
3428-MMGUB,8
7164-BPTUT,10
2856-NNASM,5
7025-IWFHT,8
9831-BPFRI,8
5666-CYCYZ,4
1307-ATKGB,4
5348-CAGXB,2
2074-GKOWZ,2
0970-ETWGE,2
8739-WWKDU,3
4112-LUEIZ,2
9134-CEQMF,1
2990-HWIML,2
1724-BQUHA,1
5644-PDMZC,3
6726-NNFWD,9
8226-BXGES,9
0924-BJCRC,7
6900-RBKER,8
2675-OTVVJ,6
2311-QYMUQ,5
7394-FKDNK,3
9611-CTWIH,2
6408-WHTEF,10
0130-SXOUN,9
1187-WILMM,10
5136-GFPMB,8
1902-XBTFB,5
0829-XXPLX,6
6413-XKKPU,5
3374-LXDEV,6
1513-XNPPH,5
6668-CNMFP,6
7479-NITWS,2
4847-TAJYI,1
8481-YYXWG,4
4273-MBHYA,3
2194-IIQOF,10
6233-HXJMX,6
2869-ADAWR,7
5898-IGSLP,8
0345-HKJVM,3
1415-YFWLT,1
7109-CQYUZ,10
7030-NJVDP,7
1894-IGFSG,5
8035-PWSEV,3
7577-SWIFR,2
7251-XFOIL,8
5857-TYBCJ,5
9053-EJUNL,5
2758-RNWXS,8
2082-OJVTK,5
1818-ESQMW,6
1173-XZPYF,2
2865-TCHJW,1
5575-TPIZQ,7
9391-DXGGG,8
6005-OBZPH,4
5419-KLXBN,6
1792-UXAFY,3
5429-LWCMV,3
4115-NZRKS,1
4853-OITSN,2
3801-HMYNL,3
3219-JQRSL,10
5828-DWPIL,8
1832-PEUTS,9
1024-KPRBB,6
2685-SREOM,4
1452-KIOVK,5
5626-MGTUK,4
3427-GGZZI,3
1455-ESIQH,2
5997-OPVFA,10
6369-MCAKO,10
6946-LMSQS,5
7277-OZCGZ,6
1965-DDBWU,5
4154-AQUGT,4
9415-ZNBSX,10
3224-DFQNQ,10
0611-DFXKO,3
7508-SMHXL,5
0187-QSXOE,2
4622-YNKIJ,8
6595-YGXIT,3
0581-MDMPW,4
9553-DLCLU,9
4951-UKAAQ,3
4274-DRSQT,9
4355-CVPVS,8
5842-POCOP,3
8100-PNJMH,10
4636-JGAAI,6
4521-YEEHE,4
2657-VPXTA,3
1273-MTETI,2
6352-GIGGQ,10
9220-ZNKJI,9
2672-TGEFF,5
0311-UNPFF,4
1169-WCVAK,7
3068-OMWZA,1
1658-XUHBX,7
9054-FOWNV,4
2925-VDZHY,10
6701-YVNQG,10
5366-IJEQJ,3
3654-ARMGP,10
9777-WJJPR,6
3649-JPUGY,10
5846-QFDFI,8
7873-CVMAW,10
6963-EZQEE,10
4695-WJZUE,0
9626-VFRGG,6
2811-POVEX,5
6087-MVHJH,2
7228-OMTPN,3
7964-ZRKKG,9
6345-ULYRW,8
4526-ZJJTM,5
4633-MKHYU,3
9415-DPEWS,4
3143-JQEGI,3
0772-GYEQQ,4
3722-WPXTK,1
0504-HHAPI,5
4184-TJFAN,5
0378-NHQXU,5
9681-KYGYB,7
3254-YRILK,3
2088-IEBAU,10
9688-YGXVR,7
3753-TSEMP,4
0123-CRBRT,10
5879-HMFFH,10
3146-MSEGF,10
6583-QGCSI,6
4123-DVHPH,2
8690-ZVLCL,10
4178-EGMON,10
6461-SZMCV,10
9741-YLNTD,4
4660-IRIBM,6
5294-DMSFH,4
9529-OFXHY,5
7661-CPURM,7
7241-AJHFS,8
4673-KKSLS,8
4077-HWUYD,10
5240-CAOYT,9
1142-IHLOO,8
6711-VTNRE,6
5498-TXHLF,5
3092-IGHWF,9
5973-EJGDP,8
8707-RMEZH,9
1580-BMCMR,3
6365-HITVU,10
6439-GTPCA,7
2845-HSJCY,2
5204-HMGYF,10
0178-SZBHO,7
6156-UZDLF,8
5318-IXUZF,3
5980-BDHPY,10
7609-YBPXG,10
4884-ZTHVF,3
9430-FRQOC,5
6979-ZNSFF,3
0428-IKYCP,4
0840-DCNZE,9
2885-HIJDH,10
4685-ERGHK,7
0363-SVHYR,10
0168-XZKBB,3
4140-MUHUG,2
3097-NQYSN,2
0744-GKNGE,9
2504-DSHIH,4
2294-SALNE,9
9451-LPGOO,1
1498-NHTLT,10
5686-CMAWK,6
7472-EQOAV,9
4006-HKYHO,10
0744-BIKKF,10
4723-BEGSG,10
8404-FYDIB,7
7779-LGOVN,2
7301-ABVAD,10
3372-KWFBM,2
8603-IJWDN,2
8060-HIWJJ,10
4911-BANWH,5
7658-UYUQS,5
7858-GTZSP,1
5229-PRWKT,2
3638-VBZTA,10
2057-ZBLPD,3
1925-TIBLE,2
6695-AMZUF,10
1334-PDUKM,9
3166-PNEOF,10
5129-HHMZC,10
6352-TWCAU,4
8812-ZRHFP,7
0141-YEAYS,5
8861-HGGKB,3
6339-TBELP,9
8218-FFJDS,10
7508-DQAKK,10
0880-FVFWF,8
9134-WYRVP,9
6986-IJDHX,7
8337-MSSXB,3
5989-PGKJB,4
3914-FDRHP,5
4285-GYRQC,2
0133-BMFZO,6
0292-WEGCH,9
5651-CRHKQ,9
3540-RZJYU,5
3797-FKOGQ,4
6275-YDUVO,3
2990-OGYTD,10
3023-GFLBR,6
9435-JMLSX,10
9073-ZZIAY,10
3259-QMXUN,9
7460-ITWWP,5
2716-GFZOR,9
5651-YLPRD,6
7508-MYBOG,2
8374-UULRV,10
3452-ABWRL,5
0682-USIXD,5
1342-JPNKI,3
2038-OEQZH,3
1212-GLHMD,3
4826-XTSOH,1
9866-QEVEE,3
5433-KYGHE,6
6474-FVJLC,1
4844-JJWUY,3
9339-FIIJL,10
6732-VAILE,10
3594-UVONA,9
5307-DZCVC,4
2960-NKRSO,6
2876-GZYZC,2
8734-DKSTZ,3
8132-YPVBX,3
4952-YSOGZ,2
2226-ICFDO,10
5485-ITNPC,10
7621-VPNET,7
6726-WEXXK,6
5522-NYKPB,7
5201-USSQZ,7
2189-WWOEW,5
9711-FJTBX,9
7951-VRDVK,9
0220-EBGCE,3
0689-DSXGL,9
9885-AIBVB,5
0118-JPNOY,6
2860-RANUS,4
0378-TOVMS,5
3049-NDXFL,3
6885-PKOAM,10
3982-DQLUS,8
5226-NOZFC,5
4439-JMPMT,4
1492-QGCLU,9
6563-VNPMN,9
7137-RYLPP,5
0869-PAPRP,4
3916-NRPAP,4
1143-NMNQJ,2
5192-EBGOV,2
7622-FWGEW,10
9944-AEXBM,5
7994-UYIVZ,3
0697-ZMSWS,2
7488-MXJIV,2
0259-GBZSH,2
5018-GWURO,6
7892-QVYKW,4
2027-CWDNU,5
8519-IMDHU,3
7249-WBIYX,2
3733-UOCWF,9
3313-QKNKB,8
3247-ZVOUO,2
4395-PZMSN,2
5277-ZLOOR,1
0235-KGSLC,3
3301-VKTGC,9
0913-XWSCN,8
1084-MNSMJ,10
6686-YPGHK,8
2215-ZAFGX,2
6161-ERDGD,10
6631-HMANX,10
6997-UVGOX,10
2790-XUYMV,10
0533-BNWKF,7
0843-WTBXE,7
3370-GQEAL,5
1785-BPHTP,6
5914-DVBWJ,4
9102-IAYHT,3
9124-LHCJQ,1
5597-GLBUC,1
1170-SASML,8
7037-MTYVW,9
0876-WDUUZ,4
6432-TWQLB,4
0383-CLDDA,10
4143-HHPMK,7
5153-RTHKF,5
6635-MYYYZ,9
1845-CSBRZ,4
4248-QPAVC,4
1268-ASBGA,3
2691-NZETQ,3
5569-KGJHX,3
3138-BKYAV,3
6479-VDGRK,10
2211-RMNHO,10
0419-YAAPX,7
0945-TSONX,10
2195-ZRVAX,6
3842-IYKUE,8
3536-IQCTX,5
6719-OXYBR,4
2959-FENLU,3
2952-QAYZF,3
2135-DQWAQ,3
8593-WHYHV,2
9225-BZLNZ,10
0436-TWFFZ,10
0455-ENTCR,10
0723-FDLAY,9
5373-SFODM,5
8063-GBATB,3
6331-EWIEB,3
0195-IESCP,1
7248-VZQLC,6
0666-UXTJO,5
3709-OIJEA,8
9445-ZUEQE,7
7831-QGOXH,2
1200-TUZHR,2
3106-ULWFW,3
3834-XUIFC,3
4548-SDBKE,2
0078-XZMHT,10
2252-NKNSI,10
1394-SUIUH,8
4628-WQCQQ,7
7927-AUXBZ,6
9185-TQCVP,3
7596-LDUXP,7
4369-HTUIF,3
9453-PATOS,10
2404-JIBFC,10
3541-ZNUHK,8
7156-MXBJE,9
9992-RRAMN,3
4851-BQDNX,7
9121-PHQSR,2
4536-PLEQY,4
2642-DTVCO,1
1069-XAIEM,2
2378-YIZKA,10
9795-NREXC,10
6769-DYBQN,7
9606-PBKBQ,3
0524-IAVZO,4
9282-IZGQK,2
1628-BIZYP,3
6230-BSUXY,1
6691-CCIHA,10
6901-GOGZG,10
9978-HYCIN,8
2657-ALMWY,5
9208-OLGAQ,4
6127-ISGTU,2
8837-VVWLQ,4
8125-QPFJD,10
3865-ZYKAD,9
7711-YIJWC,10
7586-ZATGZ,5
0362-ZBZWJ,4
1766-GKNMI,4
6473-ULUHT,8
8382-SHQEH,2
6916-HIJSE,10
5019-GQVCR,4
2873-ZLIWT,7
5216-WASFJ,4
3737-XBQDD,6
2379-ENZGV,3
6060-DRTNL,3
2202-CUYXZ,2
1298-PHBTI,9
8565-WUXZU,10
0310-SUCIN,10
2126-GSEGL,10
6736-DHUQI,10
3572-UOLYZ,8
4720-VSTSI,7
7398-LXGYX,8
9774-NRNAU,7
4822-YCXMX,4
6840-RESVB,9
9314-IJWSQ,3
4706-AXVKM,3
0315-LVCRK,4
2205-YMZZJ,1
0219-YTZUE,4
6877-TJMBR,3
2362-IBOOY,4
5788-YPOEG,10
2455-USLMV,7
5934-RMPOV,3
2916-BQZLN,5
4514-GFCFI,2
3198-VELRD,2
8398-TBIYD,10
2987-BJXIK,10
3262-EIDHV,10
9135-MGVPY,10
7570-WELNY,9
1624-WOIWJ,4
8242-SOQUO,2
4098-NAUKP,8
0014-BMAQU,10
9490-DFPMD,4
7503-ZGUZJ,2
1414-YADCW,10
9677-AVKED,9
3196-NVXLZ,4
5889-LFOLL,2
7517-LDMPS,3
1319-YLZJG,6
0875-CABNR,3
4750-ZRXIU,1
8937-RDTHP,3
4912-PIGUY,1
8868-GAGIO,8
8972-HJWNV,1
7971-HLVXI,9
8390-FESFV,10
9297-FVVDH,10
6172-FECYY,7
3714-NTNFO,6
5520-FVEWJ,4
9367-WXLCH,4
4919-IKATY,4
7120-RFMVS,2
5766-FTRTS,10
3108-PCCGG,10
0197-PNKNK,10
2957-JIRMN,8
2683-BPJSO,6
9938-EKRGF,8
7613-LLQFO,2
4822-NGOCH,3
8058-JMEQO,1
8661-BOYNW,10
4973-MGTON,10
8883-ANODQ,9
6250-CGGUN,9
3194-ORPIK,6
7299-GNVPL,8
5357-TZHPP,3
7005-CCBKV,4
0112-QWPNC,9
8999-YPYBV,10
9194-GFVOI,10
3569-EDBPQ,7
8875-AKBYH,2
5609-IMCGG,5
2123-AGEEN,1
0196-VULGZ,2
3938-YFPXD,10
2636-SJDOU,9
5641-DMBFJ,9
4471-KXAUH,7
0215-BQKGS,7
5117-IFGPS,3
4993-JCRGJ,6
5572-ZDXHY,5
5950-AAAGJ,4
7861-UVUFT,2
0225-ZORZP,3
2013-SGDXK,4
8034-RYTVV,9
0239-OXEXL,8
7654-YWJUF,9
7530-HDYDS,8
5016-IBERQ,5
2725-TTRIQ,10
5003-XZWWO,10
2040-LDIWQ,10
2330-PQGDQ,9
8623-TMRBY,7
5868-YWPDW,2
1136-XGEQU,9
1550-LOAHA,6
9167-APMXZ,4
6437-UDQJM,10
9919-FZDED,10
9530-GRMJG,10
2834-SPCJV,8
5032-USPKF,9
3672-YITQD,4
5628-FCGYG,3
2904-GGUAZ,9
7803-XOCCZ,9
3192-LNKRK,6
3707-LRWZD,6
0637-UBJRP,5
8800-JOOCF,2
1565-RHDJD,4
2545-EBUPK,1
3489-HHPFY,2
7233-PAHHL,10
2055-BFOCC,10
5383-MMTWC,1
8739-XNIKG,2
3223-WZWJM,4
1193-RTSLK,8
3908-BLSYF,4
0013-EXCHZ,3
4833-QTJNO,9
3720-DBRWL,10
9812-GHVRI,7
5813-UECBU,6
0410-IPFTY,6
0822-QGCXA,7
9965-YOKZB,1
8705-DWKTI,7
0461-CVKMU,7
8802-UNOJF,6
6407-UTSLV,2
2479-BRAMR,7
8436-BJUMM,4
0027-KWYKW,4
0923-PNFUB,4
7101-HRBLJ,10
3282-ZISZV,9
2868-LLSKM,9
5940-NFXKV,4
3544-FBCAS,10
5685-IIXLY,3
6656-GULJQ,10
5060-TQUQN,7
3365-SAIGS,4
5949-XIKAE,3
8417-FMLZI,3
0459-SPZHJ,10
8822-KNBHV,9
2921-XWDJH,6
5076-YVXCM,8
5371-VYLSX,7
2792-LSHWX,6
6173-ITPWD,7
3550-SAHFP,4
4827-DPADN,10
5197-LQXXH,10
0578-SKVMF,6
8931-GJJIQ,3
7346-MEDWM,8
6418-HNFED,10
7989-VCQOH,8
6630-UJZMY,1
8200-LGKSR,10
6633-SYEUS,8
9274-UARKJ,5
0689-NKYLF,4
9450-TRJUU,6
5593-SUAOO,8
6015-VVHHE,3
0921-OHLVP,5
2774-LVQUS,3
1625-JAIIY,9
6121-TNHBO,10
8406-LNMHF,9
5701-YVSVF,3
3889-VWBID,10
6421-SZVEM,7
3727-RJMEO,3
8714-CTZJW,3
6435-SRWBJ,3
4782-OSFXZ,10
9385-NXKDA,10
2739-CACDQ,4
4559-UWIHT,4
5702-KVQRD,10
9227-YBAXE,10
4057-FKCZK,9
3696-XRIEN,9
5680-LQOGP,10
9110-HSGTV,10
5020-ZSTTY,10
0867-MKZVY,6
3744-ZRRDZ,4
4291-TPNFG,10
3071-MVJCD,10
0641-EVBOJ,6
0742-NXBGR,2
2302-OUZXB,10
4238-HFHSN,7
1431-AIDJQ,9
7716-YTYHG,8
4767-HZZHQ,7
5494-WOZRZ,10
9470-RTWDV,8
3230-WYKIR,8
1564-NTYXF,3
7314-OXENN,3
8645-KOMJQ,10
2208-NQBCT,7
6727-IOTLZ,9
2004-OCQXK,3
9738-QLWTP,9
8731-WBBMB,8
0620-DLSLK,4
8146-QQKZH,10
2240-HSJQD,7
6617-WLBQC,8
5893-PYOLZ,10
4002-BQWPQ,9
2040-OBMLJ,8
9513-DXHDA,9
4824-GUCBY,6
3018-TFTSU,6
6772-KSATR,2
8345-MVDYC,10
1480-IVEVR,6
0621-HJWXJ,8
6968-GMKPR,8
5930-GBIWP,10
7776-QGYJC,8
7395-IGJOS,4
9050-IKDZA,2
1599-MMYRQ,9
0818-OCPZO,4
4612-SSVHJ,4
1508-DFXCU,3
0254-KCJGT,10
2826-UWHIS,7
9762-YAQAA,8
0379-DJQHR,10
8050-DVOJX,10
0334-GDDSO,2
1265-ZFOSD,10
7925-PNRGI,9
2669-QVCRG,8
5022-KVDQT,5
4143-OOBWZ,2
0083-PIVIK,10
3115-JPJDD,9
3050-RLLXC,10
8808-ELEHO,2
4646-QZXTF,7
7997-EASSD,9
6080-TCMYC,6
5297-MDOIR,9
6194-HBGQN,10
5650-YLIBA,5
6341-JVQGF,9
9625-QSTYE,4
4299-SIMNS,4
6259-WJQLC,5
5445-UTODQ,3
4614-NUVZD,2
2250-IVBWA,9
9548-LIGTA,10
0256-LTHVJ,5
2018-QKYGT,1
9114-DPSIA,10
6418-PIQSP,10
6013-BHCAW,10
4138-NAXED,8
5751-USDBL,10
3230-IUALN,10
6516-NKQBO,10
4277-UDIEF,8
7703-ZEKEF,5
7929-DMBCV,7
9560-ARGQJ,4
4817-QRJSX,3
9095-HFAFX,3
4795-KTRTH,3
2612-RRIDN,2
7426-WEIJX,8
9541-PWTWO,9
9878-TNQGW,2
6754-LZUKA,10
4869-EPIUS,8
8200-KLNYW,9
6551-GNYDG,4
0988-AADSA,10
9823-EALYC,10
1309-XGFSN,8
7336-RLLRH,9
3633-CDBUW,8
2955-BJZHG,5
5228-EXCET,2
1871-MOWRM,7
1704-NRWYE,2
6786-OBWQR,2
5729-KLZAR,3
5275-SQEIZ,3
9675-ICXCT,10
0909-SELIE,10
2896-TBNBE,8
0942-KOWSM,9
6000-APYLU,2
9957-YODKZ,2
2951-QOQTK,6
6457-USBER,3
3404-JNXAX,8
7013-PSXHK,9
3842-QTGDL,7
8183-ONMXC,2
9479-HYNYL,10
4513-CXYIX,9
6439-PKTRR,10
6103-BOCOU,5
6729-GDNGC,5
0940-OUQEC,3
6458-CYIDZ,5
3191-CSNMG,3
5457-COLHT,10
2200-DSAAL,9
7824-PANSQ,9
5566-SOEZD,8
8854-CCVSQ,4
7495-OOKFY,3
7760-OYPDY,2
7998-WNZEM,10
6248-TKCQV,10
5394-MEITZ,10
5206-XZZQI,9
8144-DGHXP,10
9369-XFEHK,6
0454-OKRCT,9
3956-MGXOG,4
7563-BIUPC,2
3671-SHRSP,4
2868-SNELZ,4
8166-ZZTFS,9
2054-PJOCK,10
0440-MOGPM,8
2245-ADZFJ,9
8490-BXHEO,4
2911-WDXMV,4
1384-RCUXW,4
0570-BFQHT,5
3130-ICDUP,5
2737-YNGYW,3
7439-DKZTW,3
0318-QUUOB,1
5998-VVEJY,6
7278-CKDNC,4
5453-AXEPF,5
0928-XUTSN,3
6330-JKLPC,4
4636-QRJKY,4
9840-DVNDC,3
6357-JJPQT,3
2867-UIMSS,3
1027-LKKQQ,10
1813-JYWTO,10
1265-BCFEO,10
8444-WRIDW,8
3503-TYDAY,7
4522-XRWWI,9
7666-WKRON,9
3865-QBWSJ,7
8819-IMISP,5
8198-RKSZG,8
9921-ZVRHG,3
9391-EOYLI,2
2397-BRLOM,3
6923-JHPMP,4
7898-PDWQE,10
5816-JMLGY,10
2363-BJLSL,9
6961-VCPMC,6
1910-FMXJM,6
4086-YQSNZ,2
6952-OMNWB,8
9541-ZPSEA,10
0643-OKLRP,8
5301-GAUUY,6
7964-VEXDG,6
5599-HVLTW,3
2959-MJHIC,1
2789-HQBOU,2
8348-JLBUG,9
6741-QRLUP,10
2796-UUZZO,9
1206-EHBDD,10
2321-OMBXY,10
5389-FFVKB,5
0947-IDHRQ,3
2674-MIAHT,4
9897-KXHCM,2
7903-CMPEY,3
3481-JHUZH,6
2359-KMGLI,5
4572-DVCGN,4
9152-AMKAK,8
1251-STYSZ,2
9689-PTNPG,2
5494-HECPR,1
4900-MSOMT,10
5343-SGUBI,8
7868-BGSZA,9
8010-EZLOU,4
6918-UMQCG,3
8086-OVPWV,1
4529-CKBCL,1
0137-OCGAB,3
9477-LGWQI,10
4818-DRBQT,6
9779-DPNEJ,4
7693-LCKZL,3
0793-TWELN,3
4741-WWJQZ,5
6086-ESGRL,3
7649-SIJJF,10
4759-PXTAN,9
2242-MFOTG,8
3347-YJZZE,8
4277-PVRAN,3
9696-RMYBA,2
3904-UKFRE,4
6204-IEUXJ,6
5073-RZGBK,10
2402-TAIRZ,8
9500-LTVBP,8
7129-CAKJW,5
8544-GOQSH,6
4547-KQRTM,4
8821-XNHVZ,3
1088-CNNKB,10
1591-NFNLQ,8
7356-IWLFW,7
4106-HADHQ,10
0585-EGDDA,7
8212-CRQXP,4
1346-UFHAX,5
6496-JDSSB,3
6941-PMGEP,3
9643-AVVWI,5
1448-PWKYE,3
6120-RJKLU,10
6950-TWMYB,10
3229-USWAR,9
7674-YTAFD,8
4828-FAZPK,4
2187-PKZAY,3
1184-PJVDB,3
4234-XTNEA,2
9300-RENDD,2
9170-GYZJC,9
9003-CPATH,7
0727-IWKVK,3
0495-ZBNGW,2
4806-KEXQR,2
6161-UUUTA,1
1285-OKIPP,3
5321-NTRKC,10
4671-VJLCL,10
2890-WFBHU,10
5243-SAOTC,7
8879-ZKJOF,9
3814-MLAXC,7
7133-VBDCG,7
7567-ECMCM,5
0537-QYZZN,5
4283-FUTGF,3
7049-GKVZY,9
7410-OIEDU,5
9773-PEQBZ,5
5712-PTIWW,3
4737-HOBAX,10
9107-UKCKY,9
1867-TJHTS,8
8104-OSKWT,4
5364-EVNIB,4
3259-KNMRR,9
7639-LIAYI,10
2154-KVJFF,3
7363-QTBIW,3
1981-INRFU,3
9317-WZPGV,2
3486-HOOGQ,10
4355-HBJHH,10
9199-PWQVC,9
6437-UKHMV,2
6229-LSCKB,2
8642-GVWRF,4
0495-RVCBF,2
0253-ZTEOB,9
4248-HCETZ,6
2203-GHNWN,5
8128-YVJRG,4
4290-BSXUX,4
8943-URTMR,3
8058-INTPH,2
7560-QJAVJ,10
9140-CZQZZ,10
6869-FGJJC,9
4717-GHADL,9
0549-CYCQN,8
8988-ECPJR,6
4713-LZDRV,2
7594-RQHXR,3
5393-RXQSZ,2
2251-PYLPB,10
2694-CIUMO,5
0872-NXJYS,3
2688-BHGOG,2
3420-YJLQT,3
1761-AEZZR,3
9019-QVLZD,3
6618-RYATB,2
9488-FVZCC,10
8414-OOEEL,10
6987-XQSJT,7
1730-ZMAME,4
2640-PMGFL,6
8652-YHIYU,7
5442-XSDCW,3
6416-YJTTB,5
2514-GINMM,1
5736-YEJAX,10
9948-YPTDG,7
6302-JGYRJ,9
3422-GALYP,2
8469-SNFFH,10
8631-NBHFZ,10
4293-ETKAP,10
9500-IWPXQ,10
7148-XZPHA,9
4631-OACRM,4
1678-FYZOW,2
7074-IEVOJ,1
2234-EOFPT,10
1307-TVUFB,6
2070-XYMFH,4
6298-QDFNH,5
4910-AQFFX,4
5919-TMRGD,2
9507-EXLTT,2
6898-RBTLU,10
9029-FEGVJ,6
2486-WYVVE,8
8080-POTJR,8
3312-ZWLGF,5
6985-HAYWX,6
2026-TGDHM,2
7639-OPLNG,10
9592-ERDKV,9
1422-DGUBX,7
1918-ZBFQJ,3
8225-BTJAU,2
6110-OHIHY,4
2868-MZAGQ,2
6670-MFRPK,9
2235-EZAIK,10
0233-FTHAV,9
9845-PEEKO,9
1960-UOTYM,10
2933-XEUJM,9
7957-RYHQD,8
6092-QZVPP,9
3410-YOQBQ,9
2189-UXTKY,7
4692-NNQRU,8
4415-WNGVR,7
5561-NWEVX,2
6567-HOOPW,2
5915-ANOEI,10
3128-YOVTD,9
5318-YKDPV,10
6574-MCOEH,8
4816-LXZYW,4
4818-QIUFN,5
5271-DBYSJ,4
4210-QFJMF,1
2254-DLXRI,3
7493-TPUWZ,2
8766-PAFNE,10
6288-LBEAR,7
4587-NUKOX,4
8580-AECUZ,1
7564-GHCVB,10
8231-BSWXX,9
1036-GUDCL,10
6400-BWQKW,3
5960-WPXQM,1
8782-NUUOL,10
6538-POCHL,7
4747-LCAQL,8
3088-LHEFH,4
7638-QVMVY,3
8752-STIVR,3
7198-GLXTC,3
2091-GPPIQ,10
4000-VGMQP,9
7627-JKIAZ,7
7129-AZJDE,7
9138-EFSMO,7
1965-AKTSX,3
8637-XJIVR,4
5760-FXFVO,5
6689-TCZHQ,3
8740-CRYFY,2
6339-RZCBJ,10
8627-ZYGSZ,8
3714-XPXBW,9
9465-RWMXL,4
6311-UEUME,5
7126-RBHSD,6
3855-ONCAR,3
9065-ZCPQX,10
2190-BCXEC,7
2956-GGUCQ,4
5175-WLYXL,5
6646-JPPHA,6
7285-KLOTR,7
9231-ZJYAM,1
7838-LAZFO,9
9027-TMATR,9
9355-NPPFS,4
3955-JBZZM,4
6372-RFVNS,4
0661-KBKPA,9
4091-TVOCN,9
0607-MVMGC,9
1226-IENZN,3
2971-SGAFL,5
6175-IRFIT,4
1569-TTNYJ,2
8456-QDAVC,5
4626-OZDTJ,9
7163-OCEQI,8
1356-MKYSK,8
8945-GRKHX,3
0565-IYCGT,10
6427-FEFIG,9
7673-LPRNY,7
6877-LGWXO,3
4059-IIEBK,3
1304-NECVQ,2
7173-TETGO,10
5288-AHOUP,2
2272-UOINI,6
9837-BMCLM,2
8336-TAVKX,10
1032-MAELW,10
8434-PNQZX,9
2516-XSJKX,10
4183-WCSEP,7
3249-ZPQRG,4
9885-CSMWE,2
0810-BDHAW,8
1492-KGETH,10
9917-KWRBE,9
0584-BJQGZ,8
1689-MRZQR,6
7018-WBJNK,4
6178-KFNHS,4
4013-TLDHQ,5
0068-FIGTF,9
0365-GXEZS,6
5606-AMZBO,5
3317-VLGQT,2
3096-IZETN,5
7072-MBHEV,3
4412-YLTKF,4
2777-PHDEI,3
7696-AMHOD,9
8981-FJGLA,4
8387-MOJJT,7
7786-WBJYI,4
5419-JKZNQ,6
0475-RIJEP,7
6376-GAHQE,3
0813-TAXXS,9
4465-VDKIQ,6
5536-SLHPM,7
3537-HPKQT,8
2754-XBHTB,3
8722-PRFDV,10
1121-QSIVB,8
9776-CLUJA,7
8559-CIZFV,9
7247-XOZPB,10
8543-MSDMF,5
3429-IFLEM,10
5329-KRDTM,10
8205-VSLRB,10
9086-YJYXS,8
3082-YVEKW,9
2609-IAICY,1
8258-GSTJK,1
6586-MYGKD,10
2661-GKBTK,10
5835-BEQEU,3
6283-GITPX,10
3442-ZHHCC,10
8023-QHAIO,8
1219-NNDDO,3
9926-PJHDQ,10
8932-CZHRQ,10
8097-OMULG,10
1092-GANHU,4
2919-HBCJO,4
1689-YQBYY,4
2305-MRGLV,8
4846-WHAFZ,4
6476-YHMGA,8
7625-XCQRH,3
0637-KVDLV,1
8295-KMENE,10
2528-HFYZX,3
7901-HXJVA,5
2070-FNEXE,5
9248-OJYKK,1
7833-PKIHD,10
3969-GYXEL,5
1597-FZREH,5
7598-UAASY,4
3296-SILRA,2
0930-EHUZA,9
6910-HADCM,3
5393-HJZSM,9
4135-FRWKJ,10
8696-JKZNU,5
5928-QLDHB,3
4080-IIARD,7
9444-JTXHZ,3
2649-HWLYB,10
7175-NTIXE,8
4526-RMTLL,9
6870-ZWMNX,10
2612-PHGOX,10
2523-EWWZL,5
7534-BFESC,3
4994-OBRSZ,9
3370-HXOPH,2
6556-DBKZF,10
3780-DDGSE,7
8486-AYEQH,5
8443-ZRDBZ,1
7576-OYWBN,2
2476-YGEFM,6
6202-DYYFX,6
1389-WNUIB,8
3315-TOTBP,4
6960-HVYXR,3
0604-THJFP,10
6959-GQEGV,9
4700-UBQMV,8
5448-VWNAM,8
3583-KRKMD,6
5035-BVCXS,4
3074-GQWYX,2
1618-CFHME,3
0231-LXVAP,3
1088-AUUZZ,10
4123-FCVCB,7
7354-OIJLX,2
5022-JNQEQ,5
3519-ZKXGG,2
4322-RCYMT,10
5320-BRKGK,10
9800-ONTFE,5
4581-SSPWD,3
5159-YFPKQ,3
7595-EUIVN,4
2882-WDTBA,10
4369-NYSCF,9
4877-TSOFF,10
0064-YIJGF,6
5652-MSDEY,3
1262-OPMFY,4
7130-VTEWQ,3
6894-LFHLY,1
9943-VSZUV,8
3902-MIVLE,10
5120-ZBLAI,9
4431-EDMIQ,7
8433-WXGNA,4
5196-SGOAK,2
5671-RQRLP,9
0529-ONKER,4
6034-YMTOB,4
4749-OJKQU,2
6825-UYPFK,6
4360-PNRQB,4
3987-KQDDU,5
8584-KMVXD,4
6198-ZFIOJ,2
3795-GWTRD,10
1866-NXPSP,9
8695-ARGXZ,4
4115-BNPJY,9
9250-WYPLL,3
0506-LVNGN,4
7817-BOQPW,2
5043-TRZWM,4
8311-UEUAB,10
0707-HOVVN,10
0679-TDGAK,10
4508-OEBEY,9
3522-CDKHF,7
9040-KZVWO,8
1216-JWVUX,6
1989-PRJHP,3
7020-OZKXZ,4
8185-UPYBR,3
1320-HTRDR,2
0817-HSUSE,4
2452-SNHFZ,9
7410-YTJIK,5
2516-VQRRV,3
5834-ASPWA,2
4751-ERMAN,10
2546-KZAAT,9
8155-IBNHG,5
3956-CJUST,6
2122-YWVYA,5
6217-TOWGS,5
4301-VVZKA,3
2077-MPJQO,1
9481-WHGWY,10
9068-VPWQQ,10
2842-BCQGE,7
1596-BBVTG,7
5832-TRLPB,8
3733-LSYCE,6
8519-QJGJD,4
0840-DFEZH,2
1602-IJQQE,2
0221-WMXNQ,4
5054-IEXZT,3
4988-IQIGL,2
1746-TGTWV,4
3014-WJKSM,6
5934-TSSAU,6
1228-ZLNBX,5
8020-BWHYL,4
2157-MXBJS,6
9518-XXBXE,4
5122-CYFXA,6
5564-NEMQO,2
3627-FHKBK,6
9787-XVQIU,3
9940-RHLFB,3
3208-YPIOE,7
6663-JOCQO,9
5879-SESNB,4
3199-XGZCY,3
0925-VYDLG,3
6848-YLDFR,10
8630-QSGXK,9
0617-FHSGK,8
2351-BKRZW,10
7730-IUTDZ,8
9821-POOTN,5
0257-ZESQC,6
2460-NGXBJ,3
0196-JTUQI,4
4304-XUMGI,9
5176-LDKUH,9
7779-ORAEL,10
8325-QRPZR,3
9191-MYQKX,3
0867-LDTTC,7
5570-PTWEH,3
1676-MQAOA,10
9251-WNSOD,10
3569-VLDHH,10
3026-ATZYV,9
5146-CBVOE,6
7993-NQLJE,7
8107-KNCIM,3
7912-SYRQT,4
2276-YDAVZ,2
1452-VOQCH,3
8816-VXNZD,3
9494-MRNYX,4
1980-KXVPM,2
3966-HRMZA,4
3276-HDUEG,2
5906-DVAPM,10
5049-MUBWG,9
7850-VWJUU,6
7611-YKYTC,8
5899-MQZZL,4
9552-TGUZV,5
7993-PYKOF,5
8676-TRMJS,3
9286-DOJGF,6
5233-AOZUF,5
3943-KDREE,5
3858-VOBET,4
9685-WKZGT,3
1024-VRZHF,2
4503-BDXBD,5
9274-CNFMO,2
4090-KPJIP,3
2080-GKCWQ,3
1157-BQCUW,1
4948-WBBKL,5
0265-EDXBD,4
0618-XWMSS,7
6906-ANDWJ,4
6711-FLDFB,2
1475-VWVDO,3
4229-CZMLL,3
0722-TROQR,1
7571-YXDAD,3
6856-RAURS,2
6358-LYNGM,3
6996-KNSML,2
4667-QONEA,10
0134-XWXCE,9
4079-VTGLK,8
8778-LMWTJ,4
3030-YDNRM,3
9334-GWGOW,2
7235-NXZCP,2
4654-ULTTN,10
5458-CQJTA,10
6572-ADKRS,8
4826-TZEVA,8
6778-EICRF,8
7401-RUBNK,7
2984-MIIZL,4
5524-KHNJP,9
5985-TBABQ,9
0191-ZHSKZ,7
4546-FOKWR,4
9169-BSVIN,5
8065-YKXKD,3
4282-YMKNA,3
2800-VEQXM,3
6424-ELEYH,4
4770-UEZOX,3
7576-ASEJU,9
0439-IFYUN,4
2761-OCIAX,2
2424-WVHPL,4
9399-APLBT,4
5240-IJOQT,1
3765-JXVKY,3
8659-HDIYE,10
8591-NXRCV,9
4973-RLZVI,10
6599-GZWCM,6
1518-VOWAV,6
0927-LCSMG,5
4013-UBXWQ,4
5399-ZIMKF,3
7341-LXCAF,2
0771-CHWSK,10
3585-YNADK,10
3452-SRFEG,7
7978-DKUQH,5
5405-ZMYXQ,4
3411-WLRSQ,2
2024-BASKD,2
1866-OBPNR,5
3746-EUBYR,3
0562-FGDCR,10
0536-ESJEP,10
1163-ONYEY,9
2985-JUUBZ,7
7088-FBAWU,8
5839-SUYVZ,6
1428-GTBJJ,4
0709-TVGUR,2
2325-NBPZG,4
7860-UXCRM,10
3235-ETOOB,4
3488-PGMQJ,3
7823-JSOAG,3
7180-PISOG,3
4415-IJZTP,2
0487-CRLZF,9
5232-NXPAY,10
3703-KBKZP,3
2656-FMOKZ,3
1197-BVMVG,2
9398-MMQTO,5
2982-IHMFT,2
0723-DRCLG,1
0336-PIKEI,10
6022-UGGSO,6
0187-WZNAB,8
0496-AHOOK,9
8685-WHQPW,4
9947-OTFQU,3
9283-LZQOH,4
8699-ASUFO,2
4505-EXZHB,3
8361-LTMKD,2
8640-SDGKB,5
0404-SWRVG,1
6680-WKXRZ,3
0388-EOPEX,4
4102-OQUPX,1
3551-HUAZH,2
8468-FZTOE,10
5148-ORICT,10
4450-MDZFX,9
1023-BQXZE,10
1867-BDVFH,3
4343-EJVQB,6
5956-VKDTT,2
8083-YTZES,2
8372-JUXUI,2
4274-OWWYO,4
9840-EFJQB,3
3658-QQJYD,10
6169-PGNCD,10
8647-SDTWQ,8
5201-FRKKS,7
4404-HIBDJ,9
7503-QQRVF,5
2272-QAGFO,2
4441-NIHPT,3
8775-ERLNB,2
2468-SJFLM,5
9894-EZEWG,4
1096-ADRUX,9
8728-SKJLR,8
4116-TZAQJ,6
9306-CPCBC,3
3707-GNWHM,2
2753-JMMCV,10
3002-WQZWT,5
5908-QMGOE,4
2880-FPNAE,3
1833-VGRUM,1
3714-JTVOV,7
3094-JOJAI,5
7801-KICAO,4
6347-DCUIK,3
7077-XJMET,5
3487-EARAT,10
7524-VRLPL,10
7619-PLRLP,10
1658-TJVOA,3
9850-OWRHQ,3
8985-OOPOS,8
3557-HTYWR,10
8608-OZTLB,10
1396-QWFBJ,6
9033-EOXWV,8
6860-YRJZP,2
4480-QQRHC,4
3470-OBUET,10
0531-ZZJWQ,6
5188-HGMLP,8
0810-DHDBD,10
8687-BAFGU,4
6599-CEBNN,7
4648-YPBTM,10
6261-RCVNS,10
6289-CPNLD,9
2091-RFFBA,4
0004-TLHLJ,2
1450-SKCVI,8
7445-WMRBW,9
1506-YJTYT,10
6896-SRVYQ,8
8496-EJAUI,5
4652-NNHNY,4
2696-NARTR,4
0122-OAHPZ,2
8873-GLDMH,4
4854-CIDCF,2
7501-IWUNG,10
3055-OYMSE,8
6339-YPSAH,3
8970-ANWXO,8
4860-IJUDE,6
7603-USHJS,4
3070-DVEYC,3
4585-HETAI,4
7103-ZGVNT,10
0491-KAPQG,4
2474-LCNUE,7
0947-MUGVO,4
8473-VUVJN,2
8313-AFGBW,9
2498-XLDZR,10
1196-AMORA,4
8617-ENBDS,4
6390-DSAZX,4
5921-NGYRH,9
2192-OZITF,10
6360-SVNWV,7
0650-BWOZN,4
3898-BSJYF,9
2983-ZANRP,4
6513-EECDB,2
5781-RFZRP,10
4922-CVPDX,9
5108-ADXWO,4
8541-QVFKM,2
9747-DDZOS,4
5327-XOKKY,9
2577-GVSIL,9
5676-CFLYY,10
0550-DCXLH,8
8224-DWCKX,4
4849-PYRLQ,10
7916-VCCPB,6
6221-AVQYL,2
7517-SAWMO,5
5269-NRGDP,9
8149-AIQCG,6
9903-LYSAB,4
2101-RANCD,7
7690-KPNCU,10
5949-HGVJL,7
6384-VMJHP,10
4227-OJHAL,10
0471-LVHGK,8
2851-STERV,8
1977-STDKI,2
6953-PBDIN,10
2256-YLYLP,10
7693-QPEFS,7
7471-MQPOS,10
1391-UBDAR,5
0260-ZDLGK,7
1907-UBQFC,4
7128-GGCNO,8
9730-DRTMJ,9
5924-IFQTT,7
2616-UUTFK,8
0581-BXBUB,3
4547-LYTDD,5
4295-YURET,10
3295-YVUSR,3
0687-ZVTHB,10
9518-IMLHK,9
9359-UGBTK,10
9819-FBNSV,6
4489-SNOJF,9
8111-RKSPX,3
6331-LWDTQ,4
4737-AQCPU,10
2123-VSCOT,10
2453-SAFNS,10
9938-ZREHM,9
4826-DXMUP,9
0021-IKXGC,2
5130-YPIRV,10
4931-TRZWN,6
0674-GCDXG,10
7100-FQPRV,10
9822-BIIGN,9
5915-DGNVC,9
3755-JBMNH,3
3915-ODIYG,9
7108-DGVUU,8
0508-OOLTO,2
8380-PEFPE,3
8644-XLFBW,2
7162-WPHPM,10
1352-VHKAJ,8
8910-LEDAG,7
6140-QNRQQ,3
4890-VMUAV,10
2824-DXNKN,10
3420-ZDBMA,3
8184-WMOFI,10
0106-GHRQR,6
7136-IHZJA,9
1410-RSCMR,8
3177-LASXD,4
8042-JVNFH,3
6927-WTFIV,6
4450-DLLMH,3
3878-AVSOQ,1
4080-OGPJL,7
9488-HGMJH,2
6253-GNHWH,10
8331-ZXFOE,10
0533-UCAAU,9
1769-GRUIK,4
2710-WYVXG,9
8040-MNRTF,4
0511-JTEOY,4
3923-CSIHK,7
5136-RGMZO,8
8851-RAGOV,9
2999-AANRQ,10
1077-HUUJM,3
9470-YFUYI,10
2296-DKZFP,10
2065-MMKGR,7
3677-TNKIO,4
3627-FCRDW,4
7409-KIUTL,1
3422-LYEPQ,2
3533-UVMOM,10
5397-TUPSH,9
1661-CZBAU,9
4682-BLBUC,9
2115-BFTIW,7
3721-CNEYS,3
2077-DDHJK,10
3200-MNQTF,10
4903-CNOZC,9
3376-BMGFE,4
0151-ONTOV,3
5846-NEQVZ,10
8016-ZMGMO,9
0812-WUPTB,3
1031-IIDEO,2
3500-NSDOA,10
6685-GBWJZ,10
3021-VLNRJ,10
9432-VOFYX,4
0968-GSIKN,2
0654-PQKDW,10
0635-WKOLD,9
9722-UJOJR,6
9210-IAHGH,6
0685-MLYYM,3
3866-MDTUB,5
0519-XUZJU,4
4906-ZHGPK,9
4186-ZBUEW,9
7967-HYCDE,4
0734-OXWBT,7
9237-HQITU,2
8835-VSDSE,2
5028-GZLDO,4
3717-OEAUQ,4
5032-MIYKT,3
0973-KYVNF,10
1996-DBMUS,7
0644-OQMDK,3
4342-HENTK,1
1122-JWTJW,3
2361-UPSND,10
1154-HYWWO,10
5940-AHUHD,4
8309-IEYJD,3
9617-INGJY,3
5376-DEQCP,3
8550-XSXUQ,9
1732-VHUBQ,8
9112-WSNPU,7
9365-SRSZE,4
1047-NNCBF,6
9620-ENEJV,5
8051-HJRLT,2
0263-FJTQO,10
6478-HRRCZ,10
9584-EXCDZ,6
5527-ACHSO,7
8270-RKSAP,3
3496-LFSZU,3
1915-IOFGU,3
3913-FCUUW,10
2294-DMMUS,9
9565-JSNFM,8
6017-PPLPX,5
6078-VESFR,5
0390-DCFDQ,3
2585-KTFRE,7
0515-YPMCW,3
4067-HLYQI,7
2364-UFROM,9
0369-ZGOVK,7
3211-ILJTT,5
4763-PGDPO,3
2055-PDADH,2
2905-KFQUV,4
4629-NRXKX,4
4759-TRPLW,4
4188-PCPIG,10
9174-IHETN,9
4726-DLWQN,9
7147-AYBAA,7
4644-PIZRT,8
5442-BHQNG,3
5804-LEPIM,2
7321-VGNKU,3
7465-ZZRVX,3
2884-GBPFB,6
7217-JYHOQ,9
5976-JCJRH,4
3468-DRVQJ,8
6168-WFVVF,2
4029-HPFVY,4
7379-POKDZ,2
9717-QEBGU,2
3234-VKACU,6
6653-CBBOM,3
1363-TXLSL,2
2446-PLQVO,3
1041-RXHRA,8
1137-DGOWI,9
2815-CPTUL,2
9633-XQABV,3
1640-PLFMP,3
3244-DCJWY,2
7359-SSBJK,10
6061-GWWAV,10
7296-PIXQY,5
7206-PQBBZ,3
2501-XWWTZ,5
7044-YAACC,2
2568-BRGYX,2
2260-USTRB,2
9605-WGJVW,3
9289-LBQVU,10
7581-EBBOU,10
9378-FXTIZ,9
7657-DYEPJ,9
9506-UXUSK,3
2398-YPMUR,2
7562-UXTPG,4
9272-LSVYH,5
9408-SSNVZ,2
6077-BDPXA,3
7394-LWLYN,2
1846-XWOQN,2
2619-WFQWU,4
9985-MWVIX,3
0556-FJEGU,10
2325-ZUSFD,10
5696-JVVQY,10
6379-RXJRQ,3
9540-JYROE,4
5931-FLJJF,3
5119-NZPTV,2
2262-SLNVK,4
4702-IOQDC,2
0328-GRPMV,2
1768-HNVGJ,9
5895-QSXOD,5
1304-BCCFO,5
6715-OFDBP,4
6705-LXORM,3
2608-BHKFN,4
3494-JCHRQ,2
9603-OAIHC,2
6641-XRPSU,7
3509-GWQGF,6
3884-HCSWG,4
2482-CZGBB,3
3164-AALRN,6
4512-ZUIYL,4
5583-SXDAG,3
1853-UDXBW,3
6288-CHQJB,10
7459-IMVYU,9
6692-YQHXC,4
9796-BPKIW,4
3799-ISUZQ,4
0330-IVZHA,3
9389-ACWBI,5
2988-PLAHS,5
5600-KTXFM,4
8000-REIQB,2
2920-RNCEZ,4
3066-RRJIO,3
7153-OANIO,3
5996-EBTKM,10
0916-KNFAJ,10
8097-VBQTZ,10
0958-YHXGP,3
5875-YPQFJ,2
9804-ICWBG,2
5542-TBBWB,2
1062-LHZOD,4
0270-THENM,10
6463-MVYRY,10
0603-OLQDC,6
5605-IYGFG,3
7245-NIIWQ,2
4603-JANFB,2
5550-VFRLC,2
0599-XNYDO,5
8630-FJLIB,4
7326-RIGQZ,4
2897-DOVND,2
5832-XKAES,3
4510-HIMLV,2
5134-IKDAY,3
0602-DDUML,10
0743-HNPFG,10
8329-GWVPJ,8
4883-QICIH,6
7504-UWHNB,6
5760-WRAHC,8
2058-DCJBE,2
6166-ILMNY,4
1084-UQCHV,4
5539-TMZLF,2
5707-ZMDJP,10
1172-VIYBP,10
4342-HFXWS,10
2178-PMGCJ,5
1016-DJTSV,2
3999-QGRJH,3
3701-SFMUH,7
6047-YHPVI,2
4482-EWFMI,2
4501-EQDRN,3
0229-LFJAF,10
2391-IPLOP,9
6557-BZXLQ,4
7798-JVXYM,6
4919-MOAVT,4
7538-GWHML,4
8062-YBDOE,2
4871-JTKJF,1
4550-EVXNY,2
7254-IQWOZ,2
6429-SHBCB,6
4983-CCWMC,4
5276-KQWHG,2
8375-DKEBR,2
2636-ALXXZ,3
7665-TOALD,2
6502-MJQAE,3
9565-FLVCG,10
0667-NSRGI,9
4291-SHSBH,3
8120-JDCAM,3
9576-ANLXO,2
0455-XFASS,3
4110-PFEUZ,4
1820-TQVEV,3
2506-TNFCO,1
7138-GIRSH,10
9767-FFLEM,7
8663-UPDGF,8
6575-SUVOI,8
1684-FLBGS,8
3523-QRQLL,8
6890-PFRQX,8
3466-BYAVD,8
5186-EJEGL,8
5186-SAMNZ,2
0488-GSLFR,3
6614-VBEGU,7
2969-WGHQO,8
0885-HMGPY,10
8401-EMUWF,9
0013-MHZWF,7
7908-QCBCA,3
5884-GCYMI,5
6332-FBZRI,10
1544-JJMYL,9
1399-UBQIU,5
5027-QPKTE,3
2799-ARNLO,2
3223-DWFIO,4
9048-JVYVF,4
3428-XZMAZ,3
6457-GIRWB,2
7924-GJZFI,5
9799-CAYJJ,2
9091-WTUUY,10
4704-ERYFC,5
2079-FBMZK,4
7206-GZCDC,2
0679-IDSTG,1
8760-ZRHKE,10
9489-DEDVP,10
7197-VOJMM,10
3059-NGMXB,8
5044-LRQAQ,4
9728-FTTVZ,2
7660-HDPJV,3
9701-CDXHR,8
8221-HVAYI,10
7594-LZNWR,7
8993-IZEUX,5
7159-FVYPK,5
1447-GIQMR,2
0872-CASZJ,10
4501-UYKBC,9
7502-BNYGS,9
3280-MRDOF,9
3398-ZOUAA,4
3466-WAESX,7
3453-RTHJQ,3
1086-LXKFY,4
3716-BDVDB,2
3871-IKPYH,2
1303-SRDOK,9
8690-UPCZI,9
1025-FALIX,6
8725-JEDFD,6
9643-YBLUR,6
8990-ZXLSU,4
8485-GJCDN,2
6992-TKNYO,9
9609-BENEA,9
9824-BEMCV,4
1703-MGIAB,7
6227-HWPWX,6
2575-GFSOE,3
5916-QEWPT,5
4915-BFSXL,10
2925-MXLSX,8
6439-LAJXL,8
0018-NYROU,2
6993-OHLXR,3
4806-HIPDW,3
8263-OKETD,7
9142-KZXOP,8
5766-XQXMQ,8
9968-FFVVH,10
8039-ACLPL,10
3948-KXDUF,10
4114-QMKVN,10
5791-KAJFD,10
4578-PHJYZ,10
5829-NVSQN,9
4560-WQAQW,10
1840-BIUOG,8
7855-DIWPO,5
2141-RRYGO,5
2856-HYAPG,4
1921-KYSAY,9
7718-RXDGG,5
3780-YVMFA,6
1338-CECEE,9
6416-TVAIH,2
5820-PTRYM,10
7169-YWAMK,10
1474-JUWSM,10
7799-DSEWS,8
2845-KDHVX,10
7112-OPOTK,7
5840-NVDCG,9
0701-TJSEF,7
6087-YPWHO,10
6368-NWMCE,9
6252-DFGTK,10
6897-RWMUB,10
5208-FVQKB,10
2100-BDNSN,6
9993-LHIEB,10
5803-NQJZO,10
8474-UMLNT,9
1436-ZMJAN,5
3750-CKVKH,3
8738-JOKAR,10
9871-ELEYA,10
1810-MVMAI,9
0628-CNQRM,9
7520-HQWJU,10
3537-RYBHH,9
6873-UDNLD,9
9207-ZPANB,10
2038-YSEZE,9
9755-JHNMN,10
3796-ENZGF,10
4672-FOTSD,8
5115-GZDEL,10
9253-VIFJQ,10
8990-YOZLV,10
5176-OLSKT,10
1266-NZYUI,10
9803-FTJCG,10
8160-HOWOX,4
1866-DIOQZ,10
1697-BCSHV,9
7399-QHBJS,10
0820-FNRNX,8
1907-YLNYW,5
4226-KKDON,7
2257-BOVXD,7
8338-QIUNR,10
4615-PIVVU,10
4174-LPGTI,9
1265-HVPZB,10
9351-LZYGF,9
5951-AOFIH,8
7036-ZZKBD,8
1697-NVVGY,8
6507-DTJZV,7
5485-WUYWF,6
1373-ORVIZ,6
5018-LXQQG,9
7964-YESJC,8
4254-QPEDE,10
6171-ZTVYB,10
9330-DHBFL,9
5174-RNGBH,7
2373-NTKOD,4
3850-OKINF,10
4942-VZZOM,10
2676-SSLTO,9
3038-PQIUY,9
6827-IEAUQ,10
0420-TXVSG,10
3301-LSLWQ,7
0334-ZFJSR,10
5499-ECUTN,10
8623-ULFNQ,6
7797-EJMDP,8
9769-TSBZE,10
7919-ZODZZ,7
7113-HIPFI,10
3161-ONRWK,10
0708-LGSMF,6
9055-MOJJJ,10
4923-ADWXJ,8
0872-JCPIB,8
0769-MURVM,10
0531-XBKMM,10
3415-TAILE,6
5360-XGYAZ,10
4102-HLENU,10
2160-GPFXD,10
9114-AAFQH,9
6374-AFWOX,10
8908-NMQTX,10
7349-ALMUX,10
4957-TIALW,9
0002-ORFBO,8
9761-XUJWD,7
8404-GFGCZ,4
4079-WWQQQ,10
6625-IUTTT,10
5172-MIGPM,6
6115-ZTBFQ,10
2581-VKIRT,10
9700-ISPUP,7
6854-EXGSF,6
8792-AOROI,9
7683-CBDKJ,7
5568-DMXZS,6
9209-NWPGU,10
7541-YLXCL,9
3703-TTEPD,8
0297-RBCSG,9
3512-IZIKN,10
7054-DMVAS,10
9443-JUBUO,10
3969-JQABI,9
7994-XIRTR,10
2930-UOTMB,9
7184-LRUUR,8
1230-QAJDW,5
7781-HVGMK,10
3957-HHLMR,10
5446-DKWYW,9
4981-FLTMF,10
5127-BZENZ,10
9578-VRMNM,6
2176-OSJUV,10
0774-IFUVM,7
9242-TKFSV,10
1221-GHZEP,10
4795-WRNVT,9
1852-XEMDW,9
7691-KGKGP,10
4381-MHQDC,10
0303-UNCIP,9
0708-SJDIS,9
4765-OXPPD,9
8597-CTXVJ,10
4334-HOWRP,10
8590-YFFQO,10
3179-GBRWV,7
4283-IVYCI,8
7351-KYHQH,4
5614-DNZCE,10
0895-LMRSF,7
6652-YFFJO,4
5756-JYOJT,8
5081-NWSUP,9
6718-BDGHG,9
0484-FFVBJ,8
4223-BKEOR,9
7105-BENQF,9
8204-YJCLA,10
5275-PMFUT,10
3137-NYQQI,9
2937-FTHUR,7
9499-XPZXM,10
7945-HLKEA,10
9018-PCIOK,10
3521-SYVOR,7
6253-WRFHY,6
6166-YIPFO,10
8773-HHUOZ,6
8257-RZAHR,6
3863-QSTYI,9
4872-VXRIL,10
7032-LMBHI,9
7459-RRWQZ,6
5356-CSVSQ,5
2535-PBCGC,10
2451-YMUXS,10
8845-LWKGE,9
6440-DKQGE,9
0096-FCPUF,8
5630-AHZIL,7
7860-KSUGX,10
5456-ITGIC,10
4139-DETXS,10
7361-YPXFS,9
5825-XJOCM,10
0866-QLSIR,9
1104-FEJAM,8
0384-RVBPI,8
1465-LNTLJ,6
4710-NKCAW,8
3137-LUPIX,5
4957-TREIR,7
0361-HJRDX,10
5203-XEHAX,9
1904-WAJAA,9
7905-TVXTA,6
8777-PVYGU,9
7319-VENRZ,7
6371-NZYEG,9
7753-USQYQ,10
3174-AKMAS,10
2522-WLNSF,9
7905-NJMXS,7
5173-WXOQV,6
2954-PIBKO,10
1177-XZBJL,10
5815-HGGHV,9
9281-CEDRU,10
9362-MWODR,9
3629-WEAAM,7
8619-IJNDK,10
5756-OZRIO,10
3308-JSGML,10
2458-EOMRE,8
4003-OCTMP,9
2041-JIJCI,4
8100-HZZLJ,9
0295-QVKPB,7
6203-HBZPA,10
2150-WLKUW,9
8548-AWOFC,9
5387-ASZNZ,10
0301-FIDRB,10
7771-CFQRQ,10
1564-HJUVY,6
4967-WPNCF,10
2541-YGPKE,10
5975-BAICR,9
4398-HSCJH,5
9786-YWNHU,10
3402-XRIUO,8
6505-OZNPG,8
0757-WCUUZ,10
1525-LNLOJ,10
4568-KNYWR,10
6366-XIVKZ,8
2274-XUATA,10
3688-FTHLT,5
4632-XJMEX,10
0513-RBGPE,10
5309-TAIKL,7
6260-ONULR,5
0022-TCJCI,10
3563-SVYLG,10
9259-PACGQ,9
9670-BPNXF,10
8404-VIOMB,10
0257-KXZGU,9
7931-PXHFC,9
7143-BQIBA,8
1194-BHJYC,10
4808-YNLEU,9
0541-FITGH,6
8980-WQFWL,8
1536-YHDOE,9
0384-LPITE,9
4662-EKDPQ,5
1541-ETJZO,6
9798-DRYDS,8
2408-PSJVE,9
7707-PYBBH,9
4418-LZMSV,8
9782-LGXMC,10
8992-OBVDG,8
0719-SYFRB,8
0074-HDKDG,9
7000-WCEVQ,5
9052-DHNKM,9
4003-FUSHP,8
2348-KCJLT,10
1402-PTHGN,9
6023-GSSXW,10
4891-NLUBA,10
5338-YHWYT,10
5949-EBSQK,7
3911-RSNHI,10
9220-CXRSC,10
1699-UOTXU,10
5061-PBXFW,9
9715-SBVSU,9
0567-GGCAC,8
5317-FLPJF,10
2580-ATZSQ,10
4012-YCFAI,10
8788-DOXSU,10
1702-CCFNJ,10
5181-OABFK,10
8313-KTIHG,6
0020-JDNXP,9
9314-QDMDW,7
0336-KXKFK,10
3727-OWVYD,10
1791-PQHBB,7
5993-JSUWV,10
2150-UWTFY,9
1928-BXYIV,6
7470-DYNOE,9
7670-ZBPOQ,10
6603-YRDCJ,10
6402-SSEJG,8
4636-OLWOE,10
8221-EQDGL,9
7722-VJRQD,10
3740-RLMVT,10
7766-CLTIC,7
3090-LETTY,7
5478-JJVZK,9
4134-BSXLX,9
1353-LJWEM,7
9489-UTFKA,7
0856-NAOES,6
2202-OUTMO,9
3995-WFCSM,5
9955-QOPOY,10
6549-BTYPG,10
4086-ATNFV,9
5862-BRIXZ,9
4730-AWNAU,9
7105-MXJLL,8
0993-OSGPT,10
7750-EYXWZ,7
3043-TYBNO,6
9640-ZSLDC,10
0657-DOGUM,10
3639-XJHKQ,8
6620-JDYNW,8
0289-IVARM,9
2969-VAPYH,10
7139-JZFVG,10
2239-CGBUZ,10
3399-BMLVW,10
2794-XIMMO,9
6620-HVDUJ,9
6695-FRVEC,10
3441-CGZJH,9
5482-NUPNA,8
7781-EWARA,10
8869-TORSS,10
8201-AAXCB,7
8181-YHCMF,10
0378-XSZPU,10
9720-JJJOR,10
2292-XQWSV,9
8039-EQPIM,10
3489-VSFRD,10
8220-OCUFY,9
7446-YPODE,7
0411-EZJZE,4
8847-GEOOQ,9
5832-EXGTT,8
8049-WJCLQ,7
0440-EKDCF,10
7876-AEHIG,10
4445-KWOKW,9
5673-FSSMF,3
1582-RAFML,7
8626-PTQGE,10
5196-WPYOW,10
9888-ZCUMM,10
2634-HCZGT,10
6839-ITVZJ,8
8399-YNDCH,7
9880-TDQAC,10
3605-JISKB,10
4194-FJARJ,10
8571-ZCMCX,9
3397-AVTKU,9
8106-GWQOK,9
3275-RHRNE,8
1183-CANVH,9
4468-KAZHE,6
1849-RJYIG,6
4797-AXPXK,7
8316-BBQAY,10
6933-VLYFX,9
9069-LGEUL,8
3638-WEABW,10
3401-URHDA,10
4785-QRJHC,9
5753-QQWPW,9
2931-FSOHN,5
0003-MKNFE,6
8250-ZNGGW,8
7131-ZQZNK,10
9372-TXXPS,10
5792-JALQC,10
9127-QRZMH,10
8033-ATFAS,9
3877-JRJIP,3
1972-XMUWV,10
7839-NUIAA,10
1752-OZXFY,10
7018-FPXHH,10
8510-TMWYB,10
6047-SUHPR,10
5438-QMDDL,7
9481-SFCQY,7
1699-HPSBG,7
7921-BEPCI,10
7306-YDSOI,10
8232-CTLKO,10
6762-QVYJO,10
7633-MVPUY,10
8624-GIOUT,9
1353-GHZOS,9
0774-RMNUW,10
8734-FNWVH,8
4500-HKANN,9
5236-XMZJY,9
1794-SWWKL,7
1357-MVDOZ,6
5424-RLQLC,6
7596-ZYWBB,10
3950-VPYJB,10
6322-HRPFA,10
7025-WCBNE,10
6131-FOYAS,8
4111-BNXIF,10
4664-NJCMS,9
4945-RVMTE,7
0228-MAUWC,8
2853-CWQFQ,6
1459-QNFQT,10
6681-ZSEXG,10
5778-BVOFB,7
1205-WNWPJ,6
4854-SSLTN,9
4547-FZJWE,10
8878-RYUKI,9
4504-YOULA,9
2045-BMBTJ,7
4939-KYYPY,8
3205-MXZRA,9
9474-PHLYD,5
6502-KUGLL,9
6218-KNUBD,6
8383-SGHJU,9
8679-JOEVF,7
7153-CHRBV,10
5294-CDGWY,9
4328-VUFWD,9
7318-EIVKO,4
0412-UCCNP,10
9504-DSHWM,9
3891-PUQOD,5
9780-FKVVF,6
5795-BKOYE,10
2195-VVRJF,7
7228-PAQPD,8
7629-WIXZF,7
7869-ZYDST,7
2978-XXSOG,8
9995-HOTOH,10
9473-CBZOP,9
7854-EDSSA,8
6778-YSNIH,5
6941-KXRRV,9
0851-DFJKB,9
2782-LFZVW,5
9359-JANWS,10
4565-EVZMJ,10
5837-LXSDN,8
0274-JKUJR,6
0699-NDKJM,9
5762-TJXGK,9
2027-DNKIV,10
8680-CGLTP,9
0319-QZTCO,6
6614-YOLAC,10
6504-VBLFL,10
9633-DENPU,9
1898-JSNDC,9
6207-WIOLX,7
4925-LMHOK,7
3055-VTCGS,10
2186-QZEYA,8
5154-VEKBL,6
1548-ARAGG,6
5844-QVTAT,9
8821-KVZKQ,10
1986-PHGZF,8
1837-YQUCE,10
6872-HXFNF,10
9357-UJRUN,9
9089-UOWJG,6
0114-IGABW,10
6152-ONASV,10
9795-SHUHB,10
6296-DDOOR,8
2680-XKKNJ,9
2282-YGNOR,10
4549-ZDQYY,10
0377-JBKKT,9
0214-JHPFW,10
6543-JXSOO,9
4495-LHSSK,8
5989-OMNJE,8
3400-ESFUW,10
7404-JLKQG,5
3474-BAFSJ,10
4695-VADHF,7
6064-PUPMC,10
9842-EFSYY,5
4510-PYUSH,9
5575-GNVDE,9
2725-IWWBA,10
9853-JFZDU,9
5095-ETBRJ,10
2446-ZKVAF,8
8165-CBKXO,10
7771-ZONAT,8
0463-ZSDNT,6
8388-FYNPZ,7
8224-IVVPA,9
8450-JOVAH,7
5995-OIGLP,9
0230-WEQUW,10
8017-UVSZU,9
8169-SAEJD,10
6048-QBXKL,4
8976-OQHGT,8
2639-UGMAZ,9
1209-VFFOC,10
9060-HJJRW,9
5543-QDCRY,5
6968-URWQU,9
5092-STPKP,9
1264-FUHCX,9
2746-DIJLO,9
7669-LCRSD,6
3272-VUHPV,8
6103-QCKFX,10
9522-BNTHX,6
7508-KBIMB,9
0661-WCQNQ,9
4929-ROART,8
4250-FDVOU,7
5909-ECHUI,3
6584-VQMYT,10
8096-LOIST,6
6388-TABGU,10
0743-HRVFF,9
4580-TMHJU,9
2851-MMUTZ,9
6728-CZFEI,8
4482-FTFFX,7
8824-RWFXJ,6
7995-ZHHNZ,10
5939-XAIXZ,7
8109-YUOHE,9
6933-FHBZC,9
5353-WILCI,9
8992-VONJD,7
2898-LSJGD,6
8930-XOTDP,7
4640-UHDOS,7
3067-SVMTC,10
2911-UREFD,8
5876-HZVZM,8
6994-KERXL,4
8963-JLGJT,7
2858-MOFSQ,8
7746-QYVCO,9
5306-BVTKJ,10
1371-WEPDS,9
2460-FPSYH,7
6784-XYJAE,9
9894-QMIMJ,9
4324-AHJKS,8
3113-IWHLC,7
7055-HNEOJ,6
4201-JMNGR,5
9415-TPKRV,7
8217-QYOHV,7
7672-VFMXZ,10
8400-WZICQ,10
3413-CSSTH,9
9103-TCIHJ,7
3800-LYTRK,9
2676-OXPPQ,7
6921-OZMFH,6
2043-WVTQJ,7
6629-CZTTH,4
2314-TNDJQ,10
6416-JNVRK,9
8495-PRWFH,8
1821-BUCWY,9
0733-VUNUW,8
6693-DJWTY,10
4680-KUTAJ,6
6397-JNZZG,8
2108-GLPQB,8
4324-BZCKL,7
4727-MCYZG,5
4859-ZSRDZ,10
6177-PEVRA,10
5206-HPJKM,8
3873-NFTGI,6
3446-QDSZF,6
6348-SNFUS,10
6008-NAIXK,8
9619-GSATL,10
2039-JONDJ,9
9822-OAOVB,4
3063-QFSZL,4
5724-BIDBU,9
1301-LOPVR,9
5084-OOVCJ,9
1750-CSKKM,7
3656-TKRVZ,7
4992-LTJNE,10
9308-ANMVE,9
6865-JZNKO,9
0396-UKGAI,9
5402-HTOTQ,7
3173-NVMPX,6
7551-DACSP,6
6402-EJMWF,5
4484-CGXFK,3
8903-XEBGX,4
3518-PZXZQ,4
1335-MXCSE,10
6682-QJDGB,9
3057-VJJQE,9
4701-MLJPN,8
6303-KFWSL,8
5501-TVMGM,4
7382-DFJTU,9
6586-PSJOX,9
4190-MFLUW,8
1575-KRZZE,7
2232-DMLXU,5
8498-XXGWA,10
9143-CANJF,9
6214-EDAKZ,9
4576-CSAJH,9
9987-LUTYD,9
0314-TKOSI,8
8806-EAGWC,6
2519-TWKFS,9
8467-WYNSR,9
0807-ZABDG,8
5493-SDRDQ,7
5151-HQRDG,9
6859-RKMZJ,5
5208-HFSBT,7
3577-AMVUX,7
7733-UDMTP,8
1114-CENIM,9
9931-KGHOA,9
9863-JZAIC,9
2188-SXWVT,10
7395-XWZOY,8
8292-TYSPY,8
8645-KWHJO,4
1324-NLTJE,7
6599-SFQVE,4
3583-EKAPL,4
4351-QLCSU,4
6522-OIQSX,10
6461-PPAXN,10
2801-NISEI,9
8735-DCXNF,8
7872-RDDLZ,10
5944-UGLLK,9
2511-MORQY,10
4385-ZKVNW,9
2155-AMQRX,8
3658-KIBGF,6
2724-FJDYW,9
8208-EUMTE,9
4320-QMLLA,6
9332-GYWLO,5
7580-UGXNC,7
2430-RRYUW,10
3723-BFBGR,8
4522-AKYLR,5
3948-FVVRP,8
8050-XGRVL,10
1708-PBBOA,9
0285-INHLN,9
6261-LHRTG,8
7619-ODSGN,8
1042-HFUCW,9
4280-DLSHD,6
5515-RUGKN,5
4074-SJFFA,4
2087-QAREY,8
5542-DHSXL,7
9269-CQOOL,5
3745-HRPHI,10
6195-MELTI,10
1716-LSAMB,10
6035-BXTTY,9
9342-VNIMQ,8
9972-NKTFD,9
5590-ZSKRV,8
9261-WDCAF,5
0674-EYYZV,3
5256-SKJGO,10
2519-ERQOJ,6
7901-IIDQV,9
4338-EYCER,7
6576-FBXOJ,7
1877-HKBQX,9
4701-AHWMW,9
1097-FSPVW,9
9411-TPQQV,9
2812-ENYMO,9
7130-CTCUS,8
1089-HDMKP,7
5707-ORNDZ,7
7688-AWMDX,10
6752-APNJL,10
9555-SAHUZ,9
7966-YOTQW,7
7246-ZGQDF,8
9577-WJVCQ,10
6094-ZIVKX,10
6313-GIDIT,8
8570-KLJYJ,9
9554-DFKIC,9
2433-KMEAS,7
9206-GVPEQ,5
3620-MWJNE,7
1099-BTKWT,9
9931-DCEZH,9
9099-FTUHS,8
0557-ASKVU,9
0277-BKSQP,5
1251-KRREG,5
7253-UVNDW,10
5012-YSPJJ,9
3422-WJOYD,10
9667-TKTVZ,6
4349-GFQHK,5
7191-ADRGF,9
6981-TDRFT,9
3482-ABPKK,10
3099-OONVS,9
1803-BGNBD,7
1260-TTRXI,6
6907-FLBER,5
3209-ZPKFI,9
6475-VHUIZ,8
6994-ORCWG,7
3604-WLABM,8
3354-OADJP,9
6034-ZRYCV,10
5067-WJEUN,10
5010-IPEAQ,10
5423-BHIXO,8
8409-WQJUX,8
0156-FVPTA,9
1202-KKGFU,8
0516-WJVXC,8
0988-JRWWP,3
9102-OXKFY,10
5906-CVLHP,10
0696-UKTOX,9
6038-GCYEC,5
9705-ZJBCG,9
8654-DHAOW,5
8819-WFGGJ,10
3340-QBBFM,9
9881-VCZEP,7
3351-NGXYI,6
9200-NLNPD,9
5583-EJXRD,10
6738-ISCBM,8
8883-GRDWQ,9
6164-HAQTX,10
8627-EHGIP,8
6128-AQBMT,6
9732-KPKBW,7
1120-BMWUB,8
8259-DZLIZ,10
1271-UODNO,10
0870-VEMYL,8
3668-QPYBK,7
0739-UUAJR,10
1134-YWTYF,8
2450-ZKEED,9
7129-ACFOG,6
3164-YAXFY,9
8668-KNZTI,10
7841-FCRQD,9
6898-MDLZW,8
9530-EHPOH,6
6434-TTGJP,9
1122-YJBCS,10
3704-IEAXF,10
2703-AMTUL,10
5062-CJJKH,9
3863-IUBJR,8
6135-OZQVA,5
5110-CHOPY,10
4598-ZADCK,9
4104-PVRPS,9
4929-BSTRX,5
9108-EJFJP,7
9906-NHHVC,9
8996-ZROXE,10
2386-LAHRK,4
2550-AEVRU,10
5447-VYTKW,9
0939-EREMR,8
2181-UAESM,7
3896-RCYYE,9
4918-QLLIW,6
1139-WUOAH,10
7284-ZZLOH,10
8318-LCNBW,9
9867-XOBQA,9
5619-PTMIK,9
2773-MADBQ,9
2197-OMWGI,9
6064-ZATLR,10
9150-HEPMB,10
6867-ACCZI,9
3528-HFRIQ,9
4678-DVQEO,6
3126-WQMGH,9
5639-NTUPK,8
6229-UOLQL,10
7614-QVWQL,9
4827-USJHP,7
6923-EFPNL,6
9501-UKKNL,9
2055-SIFSS,9
2709-UQGNP,7
4109-CYRBD,7
4189-NAKJS,8
3426-NIYYL,7
7501-VTYLJ,7
1585-MQSSU,8
0983-TATYJ,9
0080-EMYVY,9
2969-QWUBZ,2
6701-DHKWQ,10
8190-ZTQFB,8
5404-GGUKR,6
5816-SCGFC,6
6483-OATDN,8
6682-VCIXC,9
6625-UTXEW,6
8695-WDYEA,7
9564-KCLHR,7
2091-MJTFX,8
8229-MYEJZ,7
9537-VHDTA,8
9828-QHFBK,8
9115-YQHGA,9
3221-CJMSG,9
3733-ZEECP,8
1101-SSWAG,5
1596-OQSPS,7
3181-VTHOE,10
1452-XRSJV,9
4072-IPYLT,9
7743-EXURX,5
1094-BKOSX,9
5315-CKEQK,8
9496-IVVRP,8
2207-OBZNX,7
3669-LVWZB,2
4256-ZWTZI,7
3813-DHBBB,10
1834-ABKHQ,10
5311-IHLEI,7
7351-MHQVU,7
7284-BUYEC,3
1636-NTNCO,2
6629-LADHQ,7
5397-NSKQG,10
2959-EEXWB,8
5382-TEMLV,9
2626-URJFX,5
3946-MHCZW,6
0980-PVMRC,7
7054-ENNGU,7
2235-ZGKPT,6
5073-WXOYN,8
3315-IKYZQ,9
8314-DPQHL,8
3683-QKIUE,7
6257-RJOHI,7
2207-NHRJK,6
9637-EIHEQ,5
5057-LCOUI,6
8008-HAWED,3
6537-OTKMY,6
4317-VTEOA,4
2103-ZRXFN,5
7794-JASDG,7
2405-LBMUW,10
6497-TILVL,8
7339-POGZN,5
2108-YKQTY,7
6888-SBYAI,6
5135-RDDQL,10
4450-YOOHP,7
8364-TRMMK,4
6905-NIQIN,6
7595-EHCDL,8
6778-JFCMK,7
2582-FFFZR,4
8601-QACRS,5
3329-WDIOK,2
2947-DOMLJ,8
0254-WWRKD,10
0277-ORXQS,10
8587-XYZSF,10
2338-BQEZT,10
5701-ZIKJE,7
8108-UXRQN,5
4130-MZLCC,7
7009-LGECI,6
6689-KXGBO,6
9058-CBREO,4
0523-VNGTF,9
1763-WQFUK,6
6608-QQLVK,5
8967-SZQAS,7
7767-UXAGJ,4
7250-EQKIY,6
8280-MQRQN,6
4023-RTIQM,8
7776-QWNFX,8
9462-MJUAW,6
9631-XEYKE,6
4011-ARPHK,9
0980-FEXWF,9
1853-ARAAQ,6
0212-ISBBF,5
0096-BXERS,5
9026-RNUJS,5
8992-JQYUN,2
0104-PPXDV,10
1310-QRITU,6
5366-OBVMR,8
4316-XCSLJ,8
1848-LBZHY,7
5071-FBJFS,7
9992-UJOEL,6
9693-XMUOB,8
7605-SNLQG,9
3982-XWFZQ,8
5777-KJIRB,9
8182-PNAGI,8
4026-SKKHW,6
0298-XACET,10
1247-QBVSH,9
1730-VFMWO,9
8735-IJJEG,7
6844-DZKRF,6
0440-QEXBZ,9
3391-JSQEW,9
4422-QVIJA,9
2810-FTLEM,7
5896-NPFWW,5
0929-HYQEW,6
7579-OOPEC,6
5047-LHVLY,5
1845-ZLLIG,5
2740-TVLFN,3
0374-AACSZ,6
3097-IDVPU,8
1629-DQQVB,8
8344-WFMFH,6
0248-IPDFW,4
4749-VFKVB,4
4611-ANLQC,10
1925-LFCZZ,9
3926-YZVVX,10
3606-SBKRY,7
9375-MHRRS,8
0742-MOABM,7
8445-DNBAE,3
9830-ECLEN,10
9373-WSLOY,7
3794-NFNCH,8
6705-LNMDD,9
5843-TTHGI,7
6581-NQCBA,4
9763-GRSKD,8
4223-WOZCM,6
3334-CTHOL,4
1471-GIQKQ,6
3621-CHYVB,9
1958-RNRKS,8
5155-AZQPB,8
6304-IJFSQ,6
1536-HBSWP,5
1406-PUQVY,5
1453-RZFON,7
7623-TRNQN,6
4312-GVYNH,10
3566-CAAYU,10
7605-BDWDC,9
4353-HYOJD,9
5651-WYIPH,7
7176-WIONM,4
9928-BZVLZ,9
0587-DMGBH,6
8064-RAVOH,5
4039-PIMHX,10
4835-YSJMR,10
8148-BPLZQ,8
5445-GLVOT,8
1100-DDVRV,4
7442-YGZFK,5
8757-TFHHJ,6
3999-WRNGR,8
6075-QMNRR,9
8563-IIOXK,8
7312-XSBAT,7
1534-OULXE,10
2843-CQMEG,8
3521-MNKLV,8
7811-JIVPF,8
2625-TRCZQ,8
1936-CZAKF,9
7021-XSNYE,9
1213-NGCUN,7
1660-HSOOQ,6
4456-RHSNB,8
1208-NBVFH,7
1226-UDFZR,6
3570-YUEKJ,9
3948-XHGNA,8
7410-KTVFV,7
8865-TNMNX,8
3345-PBBFH,6
2722-JMONI,5
8885-QSQBX,7
3920-HIHMQ,8
5600-PDUJF,7
4065-JJAVA,6
9000-PLFUZ,9
0489-WMEMG,9
8050-WYBND,7
3890-RTCMS,8
0311-QYWSS,6
5498-IBWPI,10
0991-BRRFB,8
6789-HJBWG,7
5780-INQIK,7
2075-RMJIK,7
5295-PCJOO,6
9734-UYXQI,4
6559-ILWKJ,10
4702-HDRKD,10
2391-SOORI,7
2229-VWQJH,8
3716-UVSPD,6
8124-NZVGJ,5
1456-TWCGB,6
5948-UJZLF,6
0067-DKWBL,5
8348-HFYIV,2
9661-MHUMO,6
2192-CKRLV,10
4950-BDEUX,7
4926-UMJZD,9
8205-MQUGY,7
0423-UDIJQ,7
6633-MPWBS,6
8805-JNRAZ,7
0823-HSCDJ,7
4429-WYGFR,9
4581-LNWUM,5
9644-UMGQA,7
3144-AUDBS,6
8878-HMWBV,5
8614-VGMMV,5
6281-FKEWS,8
2027-OAQQC,8
8791-GFXLZ,6
3097-NNSPB,6
2273-QCKXA,7
1666-JZPZT,8
0430-IHCDJ,5
2607-FBDFF,7
9039-RBEEE,9
0655-YDGFJ,9
6937-GCDGQ,9
2720-FVBQP,5
6876-ADESB,6
1814-WFGVS,10
9163-GHAYE,7
9396-ZSFLL,7
0222-CNVPT,8
1376-HHBDV,9
7639-SUPCW,8
0997-YTLNY,9
7876-BEUTG,6
9097-ZUBYC,8
1355-KUSBG,6
7742-MYPGI,7
7470-MCQTK,3
7240-ETPTR,3
2277-VWCNI,5
5207-PLSTK,7
7599-NTMDP,10
5307-UVGNB,9
7801-CEDNV,9
4958-GZWIY,7
4468-YDOVK,7
7102-JJVTX,9
1794-HBQTJ,6
9752-ZNQUT,5
9820-RMCQV,8
2636-OHFMN,3
0322-YINQP,7
0623-GDISB,6
0848-SOMKO,10
1208-DNHLN,8
3346-BRMIS,3
7895-VONWT,5
1215-VFYVK,6
0015-UOCOJ,5
5656-MJEFC,10
9239-ZBZZV,2
8286-AFUYI,7
0617-AQNWT,10
8672-OAUPW,10
2483-XSSMZ,9
9139-TWBAS,9
7377-DMMRI,6
4872-JCVCA,10
8780-YRMTT,10
0224-HJAPT,5
7110-BDTWG,10
5968-VXZLG,5
1337-BOZWO,8
5227-JSCFE,10
9885-MFVSU,9
8648-PFRMP,3
0601-WZHJF,3
3160-TYXLT,9
0799-DDIHE,7
7593-XFKDI,6
6185-TASNN,5
2253-KPMNB,10
4676-WLUHT,10
3669-OYSJI,6
2637-FKFSY,5
2842-JTCCU,6
5126-RCXYW,10
5651-CPDND,7
1809-DMJHQ,7
5175-AOBHI,5
2718-GAXQD,5
7841-TZDMQ,5
1976-CFOCS,5
7054-LGEQW,6
5103-MHMHY,6
6704-UTUKK,5
2834-JKOOW,9
0356-ERHVT,6
3566-VVORZ,7
2831-EBWRN,5
2212-LYASK,8
5365-LLFYV,5
1501-SGHBW,6
3165-HDOEW,5
4237-RLAQD,5
6127-IYJOZ,4
0128-MKWSG,9
6143-JQKEA,6
5133-POWUA,5
7825-GKXMW,5
0999-QXNSA,6
7359-PTSXY,5
3317-HRTNN,3
0887-HJGAR,5
9117-SHLZX,5
9828-AOQLM,5
3470-BTGQO,8
3255-GRXMG,8
7554-AKDQF,6
3859-CVCET,6
2135-RXIHG,4
6128-CZOMY,4
9244-ZVAPM,6
2082-CEFLT,4
5386-THSLQ,10
9013-AQORL,9
8671-KKKOS,9
2817-NTQDO,7
0621-TWIEM,5
4537-DKTAL,6
3566-HJGPK,5
4647-XXZAM,6
7109-MFBYV,8
1767-TGTKO,5
4061-UKJWL,6
2580-ASVVY,9
2957-LOLHO,6
7511-YMXVQ,2
9708-HPXWZ,6
6519-CFDBX,5
5692-FPTAH,6
2275-RBYQS,4
8224-UAXBZ,9
1589-AGTLK,5
0322-CHQRU,5
7754-IXRMC,6
3445-HXXGF,9
0447-BEMNG,9
0749-IRGQE,3
8229-TNIQA,5
6582-OIVSP,6
5552-ZNFSJ,5
7065-YUNRY,5
5077-DXTCG,5
7568-PODML,2
1963-SVUCV,6
7136-RVDTZ,9
9286-BHDQG,10
6723-CEGQI,10
8095-WANWK,7
7396-VJUZB,6
2737-WFVYW,2
3278-FSIXX,6
3413-BMNZE,6
0017-DINOC,10
3450-WXOAT,9
2887-JPYLU,9
1685-VAYJF,7
4706-DGAHW,4
2219-MVUSO,6
6410-LEFEN,7
2962-XPMCQ,4
1612-EOHDH,5
7252-NTGSS,6
3941-XTSKM,9
8080-DDEMJ,5
4193-ORFCL,6
3926-CUQZX,5
0019-GFNTW,10
7269-JISCY,10
7338-ERIVA,9
4690-LLKUA,6
5392-AKEMH,5
2833-SLKDQ,6
5696-QURRL,5
6968-MHOMU,9
0234-TEVTT,10
0076-LVEPS,9
5046-NUHWD,7
2828-SLQPF,7
1600-DILPE,7
4257-GAESD,4
7675-OZCZG,5
4671-LXRDQ,5
9588-OZDMQ,5
8356-WUAOJ,4
8756-RDDLT,10
0842-IWYCP,9
6243-OZGFH,4
4012-ZTHBR,7
3030-YZADT,7
4208-UFFGW,5
8950-MTZNV,5
7883-ROJOC,8
6817-WTYHE,6
8710-YGLWG,4
4847-QNOKA,5
3132-TVFDZ,8
6128-DAFVY,9
9591-YVTEB,9
5337-IIWKZ,8
4081-DYXAV,6
3580-REOAC,6
2137-DQMEV,10
9702-AIUJO,10
6137-MFAJN,9
3640-JQGJG,7
7521-AFHAB,7
9348-YVOMK,6
2480-SQIOB,6
8705-WZCYL,5
1919-RTPQD,6
5027-XWQHA,6
8660-BUETV,7
4373-VVHQL,4
2672-OJQZP,6
3258-SANFR,6
4816-JBHOV,4
9448-REEVD,6
4524-QCSSM,7
9873-MNDKV,7
4608-LCIMN,7
8242-JSVBO,6
4432-ADRLB,6
7851-FLGGQ,5
0562-KBDVM,10
5160-UXJED,9
2599-CZABP,8
7593-JNWRU,6
0374-IOEGQ,5
7615-ESMYF,3
4959-JOSRX,5
4146-SVFUD,6
1518-OMDIK,8
3945-GFWQL,6
0895-UADGO,8
7878-JGDKK,6
2495-INZWQ,2
2903-YYTBW,6
8180-AKMJV,5
4459-BBGHE,5
7729-JTEEC,5
5872-OEQNH,9
7244-QWYHG,10
4139-JPIAM,9
2320-SLKMB,7
2233-TXSIU,8
8455-HIRAQ,6
1728-BQDMA,6
5858-EAFCZ,6
6595-COKXZ,5
3589-PPVKW,6
5533-NHFRF,4
2235-DWLJU,2
6982-SSHFK,6
0415-MOSGF,6
4361-JEIVL,4
3808-HFKDE,7
6954-OOYZZ,7
2372-HWUHI,6
6142-VSJQO,6
2478-EEWWM,8
7963-GQRMY,7
0224-RLWWD,4
0082-LDZUE,5
9746-YKGXB,10
8887-IPQNC,5
8775-CEBBJ,6
9388-ZEYVT,9
3754-DXMRT,3
7663-RGWBC,6
6145-NNPNO,6
7636-PEPNS,10
7029-IJEJK,10
4855-SNKMY,4
1282-IHQAC,10
4566-QVRRW,6
1635-FJFCC,6
3961-SXAXY,5
8082-GHXOP,8
5522-JBWMO,6
1942-OQFRW,5
8720-RQSBJ,5
9214-EKVXR,6
0567-XRHCU,10
9281-PKKZE,7
3798-EPWRR,5
1895-QTKDO,6
3085-QUOZK,6
9610-WCESF,10
4452-QIIEB,7
6211-WHMYA,9
6650-VJONK,5
1125-SNVCK,9
3638-DIMPH,7
2604-XVDAM,7
1478-VPOAD,5
8205-OTCHB,7
4570-QHXHL,5
4825-XJGDM,10
7274-CGTOD,10
1271-SJBGZ,4
3249-VHRIP,10
8706-HRADD,8
9327-QSDED,7
4544-RXFMG,7
2761-XECQW,4
7587-RZNME,5
6702-OHFWR,1
8740-XLHDR,7
6598-KELSS,9
6959-UWKHF,4
7881-EVUAD,5
7880-XSOJX,7
8035-BUYVG,9
7795-CFOCW,10
0526-SXDJP,10
3908-MKIMJ,10
4837-PZTIC,10
0623-IIHUG,5
4905-JEFDW,5
6351-SCJKT,7
8292-FRFZQ,10
7273-TEFQD,2
8745-PVESG,10
8350-NYMVI,9
7721-JXEAW,9
2877-VDUER,9
9026-LHEVG,5
8111-BKVDS,7
1530-ZTDOZ,9
7665-NKLAV,10
9495-REDIY,8
8328-SKJNO,9
9381-NDKME,5
0836-SEYLU,6
5125-CNDSP,10
7074-STDCN,8
3891-NLXJB,10
7758-UJWYS,9
7321-ZNSLA,9
7816-VGHTO,8
9839-ETQOE,9
9674-EHPPG,10
0308-IVGOK,8
5673-TIYIB,5
8807-ARQET,7
5640-CAXOA,9
1929-ZCBHE,10
7325-ENZFI,9
9667-EQRXU,6
9505-SQFSW,4
2606-PKWJB,10
1729-VLAZJ,9
6967-PEJLL,9
7041-TXQJH,8
0117-LFRMW,9
4654-GGUII,9
9514-JDSKI,3
8644-XYTSV,8
6338-AVWCY,4
2335-GSODA,9
2187-LZGPL,4
7734-DBOAI,4
2996-XAUVF,10
5180-UCIIQ,7
3748-FVMZZ,3
8722-NGNBH,7
8319-QBEHW,8
3893-JRNFS,9
4132-POCZS,9
8450-UYIBU,6
3933-DQPWX,10
3665-JATSN,5
9796-MVYXX,9
6810-VCAEX,10
5204-QZXPU,4
8779-QRDMV,1
0343-QLUZP,10
0373-AIVNJ,8
6114-TCFID,9
5669-SRAIP,4
9074-KGVOX,9
1116-FRYVH,10
0056-EPFBG,9
2162-FRZAA,10
4628-CTTLA,9
1862-SKORY,7
7989-AWGEH,9
2436-QBZFP,7
8242-PDSGJ,10
8882-TLVRW,10
7963-SHNDT,10
1153-GNOLC,7
4291-HYEBC,7
2778-OCLGR,7
5087-SUURX,4
0979-MOZQI,10
0786-VSSUD,4
5472-CVMDX,10
6537-QLGEX,6
9754-CLVZW,9
3635-JBPSG,7
8046-DNVTL,10
7492-TAFJD,9
3694-DELSO,6
3511-BFTJW,10
7634-WSWDB,5
6119-SPUDB,10
7089-XXAYG,7
4940-KHCWD,10
4430-UZIPO,5
4360-QRAVE,8
5649-TJHOV,7
7890-VYYWG,2
3776-EKTKM,1
3648-GZPHF,9
4439-YRNVD,6
3884-UEBXB,10
0230-UBYPQ,10
6481-LXPWL,10
0305-SQECB,8
2361-FJWNO,10
2782-JEEBU,7
5697-GOMBF,5
7854-FOKSF,3
2049-BAFNW,5
5170-PTRKA,10
8727-XDPUD,9
4718-DHSMV,4
4115-UMJFQ,10
4501-VCPFK,8
7746-AWNQW,8
6122-EFVKN,9
4307-KWMXE,6
5378-IKEEG,1
8069-RHUXK,10
6773-LQTVT,7
1049-FYSYG,6
8158-WPEZG,6
1430-SFQSA,9
8898-KASCD,9
0841-NULXI,2
3845-JHAMY,5
0953-LGOVU,8
2259-OUUSZ,7
5245-VDBUR,10
2073-QBVBI,10
2108-XWMPY,5
3091-FYHKI,3
0121-SNYRK,10
4032-RMHCI,10
4139-SUGLD,9
5701-GUXDC,9
0458-HEUZG,9
3739-YBWAB,9
1397-XKKWR,7
1740-CSDJP,2
2144-ESWKO,9
6133-OZILE,7
5759-RCVCB,3
7078-NVFAM,8
7384-GHBPI,2
9236-NDUCW,9
8066-POXGX,4
3594-KADLU,7
2485-ITVKB,3
8741-LQOBK,9
0191-EQUUH,9
3751-KTZEL,4
8582-KRHPJ,9
6240-EURKS,4
7075-BNDVQ,6
3841-CONLJ,2
3472-OAOOR,8
2908-ZTPNF,9
9581-GVBXT,10
3050-GBUSH,3
3034-ZBEQN,10
7950-XWOVN,7
2408-WITXK,2
0778-NELLA,4
0822-GAVAP,2
0375-HVGXO,2
1261-FWTTE,5
8259-NFJTV,7
3298-QEICA,9
4881-JVQOD,4
4323-SADQS,6
3307-TLCUD,7
6907-CQGPN,8
4976-LNFVV,6
8070-AAWZP,8
5882-CMAZQ,6
3815-SLMEF,7
7340-KEFQE,10
0723-VSOBE,8
1976-AZZPJ,7
5199-FPUSP,10
7233-IOQNP,9
2894-QOJRX,6
4177-JPDFU,7
2309-OSFEU,3
3016-KSVCP,7
0756-MPZRL,10
3806-DXQOM,5
2683-JXWQQ,10
4712-AUQZO,7
4198-VFOEA,8
6917-IAYHD,6
1623-NLDOT,10
2011-TRQYE,6
5730-RIITO,9
2946-KIQSP,8
2316-ESMLS,9
6339-DKLMK,4
5868-CZJDR,4
3689-MOZGR,8
8069-YQQAJ,5
9560-BBZXK,10
8718-PTMEZ,5
3237-AJGEH,5
4030-VPZBD,4
6549-NNDYT,6
6174-NRBTZ,9
9057-MSWCO,8
1078-TDCRN,3
1432-FPAXX,7
6656-JWRQX,5
2606-RMDHZ,5
6637-KYRCV,5
8676-OOQEJ,5
0032-PGELS,6
4625-EWPTF,5
2586-CWXVV,9
3551-GAEGL,9
8167-GJLRN,5
3677-IYRBF,2
8919-FYFQZ,8
1360-RCYRT,7
1322-AGOQM,9
4776-XSKYQ,8
7389-KBFIT,4
5533-RJFTJ,9
2533-TIBIX,7
8665-UTDHZ,5
9750-BOOHV,9
0811-GSDTP,6
0946-FKYTX,10
5202-IVJNU,9
7622-NXQZR,8
7740-KKCXF,9
6543-CPZMK,4
6317-YPKDH,4
9758-MFWGD,9
0928-JMXNP,3
9572-WUKSB,4
5999-LCXAO,5
1142-WACZW,5
7590-VHVEG,3
9309-BZGNT,10
4310-KEDTB,7
2826-DXLQO,6
0909-SDHNU,7
3082-VQXNH,5
8799-OXZMD,7
6713-OKOMC,6
5960-MVTUK,5
7758-XKCBS,6
4592-IWTJI,6
9526-BIHHD,5
5143-EGQFK,4
8650-RHRKE,3
5156-UMKOW,5
4801-JZAZL,5
0621-JFHOL,7
3538-WZPHD,3
6661-EIPZC,9
5016-ETTFF,6
4999-IEZLT,10
3256-EZDBI,9
6624-JDRDS,6
5233-GEEAX,3
7636-OWBPG,4
5133-VRSAB,7
1395-OFUWC,9
0282-NVSJS,6
7421-ZLUPA,5
8901-HJXTF,6
0975-VOOVL,5
1442-BQPVU,5
9626-WEQRM,5
1816-FLZDK,5
2770-NSVDG,7
7853-OETYL,5
6022-KOUQO,6
3285-UCQVC,9
0668-OGMHD,8
6235-VDHOM,4
3547-LQRIK,10
2809-ILCYT,9
5982-XMDEX,10
7096-ZNBZI,10
8234-GSZYK,10
6509-TSGWN,10
8332-OSJDW,9
0323-XWWTN,8
7610-TVOPG,8
1222-LRYKO,8
9066-QRSDU,10
6651-RLGGM,10
5939-SXWHM,10
4625-XMOYM,10
4950-HKQTE,10
2129-ALKBS,9
3506-OVLKD,10
9838-BFCQT,10
1240-HCBOH,10
3521-HTQTV,10
6199-IPCAO,10
9108-EQPNQ,9
9067-YGSCA,10
3787-TRIAL,6
8207-VVMYB,10
7480-SPLEF,10
6917-FIJHC,10
2050-ONYDQ,10
6485-QXWWE,10
6765-MBQNU,10
2961-VNFKL,10
4521-WFJAI,10
3887-PBQAO,10
0568-ONFPC,7
4707-MAXGU,10
9717-IOAAF,10
3069-SSVSN,5
3118-UHVVQ,10
4335-BSMJS,10
0661-XEYAN,2
2509-TFPJU,10
7225-IILWY,10
2097-YVPKN,10
8532-UEFWH,10
7107-UBYKY,9
5322-ZSMZY,10
2692-PFYTJ,6
2452-MRMZF,10
3727-OVPRY,10
1073-XXCZD,10
7799-LGRDP,10
3935-TBRZZ,10
4213-HKBJO,10
5539-HIVAK,9
7554-NEWDD,9
2712-SYWAY,6
1496-GGSUK,2
4231-LZUYM,10
1080-BWSYE,10
8807-OPMBM,10
6029-CSMJE,5
2169-RRLFW,10
8441-SHIPE,10
3873-WOSBC,10
5115-SQAAU,10
0463-TXOAK,10
4707-YNOQA,10
4163-KIUHY,9
8595-SIZNC,9
1982-FEBTD,10
3129-AAQOU,10
5743-KHMNA,10
6285-FTQBF,10
3913-RDSJZ,10
3088-FVYWK,10
9891-NQDBD,10
6286-ZHAOK,9
6791-YBNAK,7
9146-JRIOX,9
3696-DFHHB,10
5044-XDPYX,10
3284-SVCRO,10
0071-NDAFP,10
0420-BWTPW,6
5598-IKHQQ,10
3261-CQXOL,10
1635-NZATJ,10
8042-RNLKO,10
1241-EZFMJ,10
0603-TPMIB,10
7452-FOLON,10
4896-CPRPF,10
1814-DKOLC,8
4430-YHXGG,8
0795-XCCTE,10
8774-GSBUN,10
5854-KSRBJ,10
4312-KFRXN,10
9574-BOSMD,10
1171-TYKUR,10
5622-UEJFI,10
8815-LMFLX,9
7083-YNSKY,8
8612-GXIDD,9
3283-WCWXT,9
2080-SRCDE,7
0174-QRVVY,10
3810-PJUHR,10
6754-WKSHP,10
9862-KJTYK,6
6158-HDPXZ,4
2799-TSLAG,10
9337-SRRNI,10
7008-LZVOZ,10
6370-ZVHDV,10
5995-LFTLE,10
0203-HHYIJ,9
8606-OEGQZ,10
9350-ZXYJC,9
5480-HPRRX,4
7242-QZLXF,3
1926-QUZNN,10
2143-LJULT,10
2072-ZVJJX,10
8946-BFWSG,10
9953-ZMKSM,10
6770-UAYGJ,10
8098-TDCBU,10
3472-QPRCH,10
0484-JPBRU,9
1696-MZVAU,9
6518-KZXCB,10
4883-KCPZJ,10
8404-VLQFB,8
5197-YPYBZ,9
6464-KEXXH,4
8746-OQQRW,8
8993-PHFWD,3
4195-NZGTA,3
2209-XADXF,4
0612-RTZZA,3
6024-RUGGH,10
6976-BWGLQ,10
0023-UYUPN,10
8874-EJNSR,10
2706-QZIHY,9
0804-XBFBV,5
6674-KVJHG,9
5167-GBFRE,4
1768-ZAIFU,1
8260-NGFNY,5
6010-DDPPW,10
0394-YONDK,10
7996-MHXLW,10
4534-WGCIR,10
1043-YCUTE,10
1984-GPTEH,9
1535-VTJOQ,10
4819-HJPIW,7
1559-DTODC,6
7527-QNRUS,9
3058-WQDRE,4
4815-GBTCD,2
7537-RBWEA,4
2672-DZUOY,2
5884-FBCTL,10
9430-NKQLY,10
5334-AFQJB,10
5666-MBJPT,10
1767-CJKBA,10
4176-RELJR,10
6925-BAYGL,10
6743-HHQPF,8
0057-QBUQH,10
8966-KZXXA,10
6609-MXJHJ,10
7016-BPGEU,7
2808-CHTDM,10
1092-WPIVQ,9
4987-GQWPO,7
9575-IWCAZ,9
9743-DQKQW,4
6032-IGALN,3
0023-HGHWL,3
1987-AUELQ,10
2696-RZVZW,10
0732-OCQOC,10
2332-TODQS,10
9650-VBUOG,10
1839-UMACK,10
6345-HOVES,8
8007-YYPWD,9
1329-VHWNP,6
9027-YFHQJ,7
5349-AZPEW,5
0746-JTRFU,2
9907-SWKKF,3
0616-ATFGB,4
4836-WNFNO,10
5605-XNWEN,10
9153-BTBVV,10
8224-KDLKN,10
3027-YNWZU,10
4458-KVRBJ,10
9087-EYCPR,10
6614-YWYSC,10
2481-SBOYW,10
6814-ZPWFQ,10
8219-VYBVI,10
6447-GORXK,8
7996-BPXHY,9
9817-APLHW,8
1734-ZMNTZ,9
6542-LWGXJ,4
8896-BQTTI,6
3148-AOIQT,10
1619-YWUBB,10
2908-WGAXL,10
8904-OPDCK,9
6407-GSJNL,10
5549-ZGHFB,10
2263-SFSQZ,10
4538-WNTMJ,10
3957-SQXML,10
3823-KYNQY,9
1335-NTIUC,3
7802-EFKNY,3
7980-MHFLQ,10
3967-VQOGC,10
6096-EGVTU,10
4597-ELFTS,10
6292-TOSSS,10
5512-IDZEI,10
6551-ZCOTS,9
6344-SFJVH,7
2995-YWTCD,9
9638-JIQYA,3
4367-NHWMM,3
3836-FZSDJ,10
8237-ULIXL,10
3768-VHXQO,10
3378-AJRAO,10
1022-RKXDR,10
4282-ACRXS,7
3417-TSCIC,8
9092-GDZKO,9
7909-FIOIY,6
8713-IGZSO,7
8749-TZYEC,10
2662-NNTDK,10
1852-QSWCD,10
5201-CBWYG,10
8626-XHBIE,10
1248-DYXUB,10
5249-QYHEX,10
6510-UPNKS,9
1140-UKVZG,9
9578-FOMUK,8
4403-BWPAY,9
5555-RNPGT,9
1024-GUALD,2
6366-ZGQGL,4
7932-WPTDS,2
6181-AXXYF,10
4443-EMBNA,10
8092-NLTGF,10
4193-IBKSW,10
0485-ZBSLN,10
1333-PBMXB,10
6080-LNESI,10
8515-OCTJS,10
2592-SEIFQ,4
4729-XKASR,4
7711-GQBZC,10
1299-AURJA,10
8592-PLTMQ,10
9661-JALZV,10
4584-LBNMK,10
1744-JHKYS,9
3896-ZVNET,10
3486-KHMLI,9
9546-KDTRB,9
5215-LNLDJ,4
2538-OIMXF,4
2862-PFNIK,4
7115-IRDHS,10
5699-BNCAS,10
4565-NLZBV,10
6857-TKDJV,10
8780-IHCRN,10
6813-GZQCG,10
8292-ITGYJ,10
9648-BCHKM,9
9397-TZSHA,10
3785-KTYSH,10
5313-FPXWG,10
4526-EXKKN,10
1131-ALZWV,9
5789-LDFXO,9
3055-MJDSB,5
9277-JOOMO,8
9227-LUNBG,4
5296-PSYVW,10
5406-KGRMX,10
6484-LATFU,10
2207-RYYRL,10
2324-AALNO,10
5968-HYJRZ,10
9668-PUGNU,10
4121-AGSIN,10
3812-LRZIR,10
7951-QKZPL,10
3372-CDXFJ,9
5018-HEKFO,7
4236-UJPWO,4
5846-ABOBJ,10
4195-PNGZS,10
0402-OAMEN,10
3612-YVGSJ,10
5356-KZCKT,10
5075-JSDKI,10
5451-MHQOF,10
9593-CVZKR,10
4652-ODEVH,10
4163-NCJAK,10
0804-YGEQV,10
5590-YRFJT,5
5261-QSHQM,2
8263-JQAIK,3
9136-ALYBR,4
9964-WBQDJ,10
9361-YNQWJ,10
1468-DEFNC,10
4785-FCIFB,10
7608-RGIRO,10
3682-YEUWS,8
7089-RKVSZ,9
2933-FILNV,4
7365-BVCJH,2
9895-VFOXH,4
3439-GVUSX,5
9365-CSLBQ,10
8361-LBRDI,10
1371-OJCEK,10
0269-XFESX,9
9795-VOWON,6
5482-PLVPE,3
8735-SDUFN,10
7684-XSZIY,10
8958-JPTRR,10
2511-ALLCS,10
2233-FAGXV,8
6180-YBIQI,5
1777-JYQPJ,4
0480-KYJVA,10
7014-ZZXAW,10
4589-IUAJB,10
0971-QIFJK,10
8028-PNXHQ,10
2208-NKVVH,10
8461-EFQYM,10
5442-BXVND,9
5650-VDUDS,4
1334-FJSVR,3
1705-GUHPV,10
3580-GICBM,10
1897-RCFUM,10
3460-TJBWI,10
5351-QESIO,4
0626-QXNGV,10
7471-WNSUF,10
2560-WBWXF,10
4979-HPRFL,10
2346-DJQTB,8
8277-RVRSV,10
7010-BRBUU,10
4018-PPNDW,10
8450-LUGUK,10
9178-JHUVJ,9
4830-FAXFM,9
7812-FZHPE,9
6158-DWPZT,6
4116-IQRFR,9
6963-KQYQB,10
1820-DJFPH,10
7503-EPSZW,10
3251-YMVWZ,10
3120-FAZKD,10
2565-JSLRY,7
5220-AGAAX,10
7601-DHFWZ,10
3549-ZTMNH,9
2740-JFBOK,7
5701-SVCWR,7
1131-QQZEB,10
4656-CAURT,10
1599-EAHXY,10
6546-OPBBH,10
1555-HAPSU,10
0562-HKHML,10
6834-NXDCA,4
7356-AYNJP,8
7161-DFHUF,10
3389-KTRXV,10
8859-AXJZP,10
8165-ZJRNM,10
0784-GTUUK,10
9229-RQABD,9
2632-TACXW,10
7343-EOBEU,7
6734-PSBAW,10
4779-ZGICK,10
6258-NGCNG,8
3797-VTIDR,2
6134-KWTBV,10
2560-QTSBS,10
1970-KKFWL,10
8785-EPNCG,8
1207-BLKSA,10
8148-NLEGT,10
7945-PRBVF,10
2888-ADFAO,10
3373-DIUUN,10
6549-YMFAW,7
6922-NCEDI,10
8003-EWNDZ,8
8909-BOLNL,9
2569-WGERO,10
8044-BGWPI,8
9798-OPFEM,10
1293-HHSHJ,10
8067-NIOYM,10
8246-SHFGA,9
2111-DWYHN,8
0835-DUUIQ,10
6828-HMKWP,9
0547-HURJB,9
1045-LTCYT,9
0278-YXOOG,8
8267-KFGYD,8
0640-YJTPY,10
5793-YOLJN,10
3212-KXOCR,10
5480-XTFFL,10
6770-XUAGN,7
6685-XSHHU,10
6447-EGDIV,10
3452-FLHYD,9
4063-EIKNQ,9
5955-EPOAZ,8
9986-BONCE,8
5624-BQSSA,8
6728-WYQBC,8
6892-BOGQE,10
9173-IVZVP,10
8174-LNWMW,10
9313-QOLTZ,9
6923-AQONU,10
3847-BAERP,8
5158-RIVOP,9
7243-LCGGZ,8
0426-TIRNE,8
7434-SHXLS,8
5324-KTGCG,10
6980-CDGFC,10
5266-PFRQK,10
6619-RPLQZ,10
4980-URKXC,10
2958-NHPPS,9
3978-YNKDD,10
9746-UGFAC,10
8908-SLFCJ,10
1843-TLSGD,9
9030-QGZNL,9
2621-UDNLU,8
7219-TLZHO,8
7764-BDPEE,8
6982-UQZLY,7
8544-JNBOX,10
7558-IMLMT,10
9084-OAYKL,10
6532-YLWSI,10
4803-LBYPN,10
6527-PZFPV,9
1760-CAZHT,9
4013-GUXND,8
6625-FLENO,10
8727-JQFHV,10
4990-ALDGW,10
5542-NKVRU,10
9046-DQMTP,10
9509-MPYOD,10
3458-IDMFK,10
1395-WSWXR,10
6419-ZTTLE,9
8966-OIQHG,10
5372-FBKBN,9
9867-JCZSP,9
0750-EKNGL,8
0463-WZZKO,8
0816-TSPHQ,8
3645-DEYGF,8
2700-LUEVA,8
2545-LXYVJ,10
1293-BSEUN,10
8430-TWCBX,10
4878-BUNFV,10
5006-MXVRN,10
7305-ZWMAJ,10
1614-JBEBI,8
2928-HLDBA,8
7976-CICYS,7
9367-OIUXP,8
6394-HHHZM,8
3007-FDPEA,7
8620-RJPZN,8
2236-HILPA,10
0780-XNZFN,10
1862-QRWPE,10
8191-XWSZG,10
4807-IZYOZ,10
6223-DHJGV,10
0936-NQLJU,10
8402-OOOHJ,10
6016-LVTJQ,10
1488-SYSFC,9
8681-ICONS,9
9534-NSXEM,9
4092-OFQZS,10
4933-IKULF,9
3012-VFFMN,9
3530-CRZSB,9
3750-YHRYO,9
2351-RRBUE,9
6490-FGZAT,9
3675-EQOZA,8
2839-RFSQE,8
2480-JZOSN,7
5088-QZLRL,7
8838-GPHZP,10
8164-OCKUJ,10
2525-GVKQU,10
9067-SQTNS,10
7205-BAIAD,10
8884-FEEWR,10
6563-VRERX,10
9392-XBGTD,10
7407-SUJIZ,9
1038-RQOST,9
0787-LHDYT,9
2907-ILJBN,9
7435-ZNUYY,9
3976-NLDEZ,8
5049-GLYVG,8
6855-VLGOS,10
4302-ZYFEL,10
2804-ETQDK,10
0052-YNYOT,10
8434-VGEQQ,10
7493-GVFIO,10
3712-PKXZA,10
7717-BICXI,10
6340-DACFT,10
1215-EXRMO,10
9620-QJREV,10
5176-LMJXE,10
5918-VUKWP,10
8763-KIAFH,10
8963-MQVYN,9
0422-OHQHQ,9
9512-PHSMG,8
1784-BXEFA,8
6924-TDGMT,9
2690-DVRVK,9
1925-GMVBW,8
5808-TOTXO,9
4390-KYULV,8
6942-LBFDP,7
7893-IXHRQ,8
9708-KFDBY,8
3803-KMQFW,8
1927-QEWMY,10
8229-BUJHX,10
0397-ZXWQF,10
7695-PKLCZ,10
9639-BUJXT,10
3154-HMWUU,10
2346-LOCWC,10
2400-FEQME,10
3662-FXJFO,10
0129-QMPDR,10
6169-PPETC,10
7321-KKSDU,10
0536-BGFMZ,9
8746-BFOAJ,9
1866-ZSLJM,9
1635-HDGFT,10
4378-BZYFP,9
6696-YDAYZ,10
6476-EPYZR,9
2732-ISEZX,8
8189-DUKMV,9
6231-WFGFH,8
2792-VPPET,7
5857-XRECV,9
2002-MZHWP,8
9753-OYLBX,8
4255-DDUOU,8
4745-LSPLO,8
7268-WNTCP,10
8701-DGLVH,10
1306-RPWXZ,10
6961-MJKBO,10
0048-PIHNL,10
4884-LEVMQ,10
9184-GALIL,10
5546-BYZSM,10
5124-EOGYE,10
7244-KXYZN,10
1682-VCOIO,10
4623-ZKHLY,9
7010-ZMVBF,9
7998-ZLXWN,9
8942-DBMHZ,9
3752-CQSJI,9
7266-GSSJX,8
3724-BSCVH,9
7706-DZNKK,8
7140-ADSMJ,8
5774-XZTQC,9
1385-TQOZW,8
3717-FDJFU,9
9618-LFJRU,8
3594-IVHJZ,7
6870-ECSHE,9
8262-COGGB,7
0673-IGUQO,8
5996-DAOQL,7
8559-WNQZS,9
2668-TZSPS,8
0374-FIUCA,10
6248-BSHKG,10
0731-EBJQB,10
0040-HALCW,10
3705-PSNGL,10
4625-LAMOB,10
6772-WFQRD,10
1222-KJNZD,10
1087-GRUYI,10
6265-FRMTQ,10
3594-BDSOA,10
3070-FNFZQ,10
1159-WFSGR,9
1245-HARPS,9
7817-OMJNA,9
1539-LNKHM,9
1790-NESIO,9
4486-EFAEB,8
6698-OXETB,9
8735-NBLWT,9
4568-TTZRT,9
2030-BTZRO,9
9929-PLVPA,9
2495-TTHBQ,8
9770-LXDBK,8
2410-CIYFZ,8
6579-JPICP,8
2239-CFOUJ,9
3727-JEZTU,8
1963-VAUKV,8
4957-SREEC,10
1085-LDWAM,10
7073-QETQY,10
6585-WCEWR,10
1074-WVEVG,10
7647-GYYKX,10
5774-QPLTF,10
5242-UOWHD,10
1552-TKMXS,10
8512-WIWYV,10
2085-JVGAD,10
3982-JGSFD,10
8859-DZTGQ,10
9860-LISIZ,10
1872-EBWSC,10
2346-CZYIL,10
0519-DRGTI,9
1930-BZLHI,9
7813-TKCVO,9
1763-KUAAW,9
5003-OKNNK,9
9932-WBWIK,9
5057-RKGLH,9
1850-AKQEP,9
7665-VIGUD,9
6671-NGWON,9
2739-CCZMB,9
6621-YOBKI,8
5687-DKDTV,8
0031-PVLZI,8
9818-XQCUV,8
8739-QOTTN,8
5562-YJQGT,8
4195-SMMNX,8
2592-YKDIF,8
4634-JLRJT,7
1099-GODLO,9
3590-TCXTB,8
0794-YVSGE,10
7515-LODFU,10
0962-CQPWQ,10
3457-PQBYH,10
5567-GZKQY,10
8380-MQINP,10
5177-RVZNU,10
8590-OHDIW,10
0582-AVCLN,10
5214-CHIWJ,10
0142-GVYSN,9
9950-MTGYX,10
5847-MXBEO,10
8204-TIFGJ,9
3125-RAHBV,10
0516-QREYC,9
6131-JLWZM,8
6838-HVLXG,9
9256-JTBNZ,9
0064-SUDOG,10
2342-CKIAO,8
1755-RMCXH,8
8610-ZIKJJ,9
9122-UMROB,8
7814-LEEVE,7
3090-QFUVD,8
8073-IJDCM,7
2676-ISHSF,8
7083-MIOPC,10
0704-VCUMB,10
9504-YAZWB,10
0932-YIXYU,10
3190-ITQXP,10
9081-WWXKP,10
5924-SNGKP,10
4518-FZBSX,10
4825-FUREZ,10
6188-UXBBR,10
2642-MAWLJ,10
7596-IIWYC,10
4203-QGNZA,10
5260-UMPWX,9
6072-NUQCB,10
1834-WULEG,10
4054-CUMIA,9
1178-PZGAB,10
4488-PSYCG,9
2371-JUNGC,9
6278-FEPBZ,9
4083-EUGRJ,8
4797-MIWUM,8
8388-DMKAE,9
4537-CIBHB,9
5345-BMKWB,8
4732-RRJZC,8
7353-YOWFP,9
2439-QKJUL,8
4393-OBCRR,9
3195-TQDZX,7
5067-DGXLL,8
8203-XJZRC,8
0670-KDOMA,7
2876-VBBBL,7
5868-YTYKS,8
4211-MMAZN,8
2081-KJSQF,7
6980-IMXXE,10
0902-XKXPN,10
3774-VBNXY,10
1955-IBMMB,10
1722-LDZJS,10
7033-CLAMM,10
0506-YLVKJ,10
9805-FILKB,10
8577-QSOCG,10
2384-OVPSA,10
7815-PDTHL,10
0625-AFOHS,10
9621-OUPYD,9
4804-NCPET,10
6131-IUNXN,9
5039-LZRQT,9
2926-JEJJC,9
5850-BDWCY,8
1641-BYBTK,8
9294-TDIPC,8
3744-ZBHON,7
3345-JHUEO,7
3039-MJSLN,8
4697-LUPSU,9
7310-EGVHZ,8
6380-ARCEH,8
6469-MRVET,8
3247-MHJKM,8
8305-VHZBZ,7
5356-RHIPP,7
2955-PSXOE,7
8048-DSDFQ,8
1493-AMTIE,7
4786-UKSNZ,8
7839-QRKXN,7
5902-WBLSE,10
7673-BQGKU,10
5529-GIBVH,10
9602-WCXPI,10
4361-FEBGN,10
0318-ZOPWS,10
8957-THMOA,10
3170-NMYVV,10
9710-NJERN,10
4735-BJKOU,10
6000-UKLWI,10
8327-WKMIE,10
9068-FHQHD,10
5519-TEEUH,10
2120-SMPEX,9
3778-FOAQW,10
4018-KJYUY,9
2749-CTKAJ,10
7137-NAXML,10
0516-VRYBW,10
8999-EXMNO,10
5505-OVWQW,9
6648-INWPS,9
5777-ZPQNC,9
2791-SFVEW,8
1494-EJZDW,9
0224-NIJLP,9
8631-XVRZL,9
7845-URHJN,9
7787-BNTZM,8
3977-QCRSL,8
6469-QJKZW,8
4397-FRLTA,8
5712-VBOXD,8
1066-JKSGK,8
1934-SJVJK,8
4897-QSUYC,7
8974-OVACP,8
4781-ZXYGU,7
7853-GVUDZ,7
0464-WJTKO,10
0264-CNITK,10
4821-WQOYN,10
0508-SQWPL,10
2228-BZDEE,10
9257-AZMTZ,10
5296-BFCYD,10
0902-RFHOF,10
1776-SPBWV,10
3769-MHZNV,10
5845-BZZIB,10
5627-TVBPP,10
1934-MKPXS,10
7328-OWMOM,10
1403-LKLIK,10
2150-OEGBV,10
5474-LAMUQ,10
7267-FRMJW,10
1133-KXCGE,9
8499-BRXTD,9
1328-EUZHC,10
4616-EWBNJ,9
0829-DDVLK,9
3243-ZHOHY,9
2387-KDZQY,9
7777-UNYHB,9
9367-TCUYN,9
6861-OKBCE,9
9483-GCPWE,9
1952-DVVSW,9
2587-YNLES,9
8752-IMQOS,9
7017-VFULY,8
8006-PYCSW,8
3148-BLQJT,8
1240-KNSEZ,7
1000-AJSLD,7
7463-IFMQU,10
5848-FHRFC,10
1403-GYAFU,10
7064-JHXCE,10
1167-OYZJF,10
3635-QQRQD,10
6139-ZZRBQ,10
8540-ZQGEA,10
8129-GMVGI,10
0442-TDYUO,10
7634-HLQJR,10
8902-ZEOVF,10
2812-REYAT,10
2068-WWXQZ,10
6725-TPKJO,10
1757-TCATG,10
2300-RQGOI,10
6551-VLJMV,10
5380-XPJNZ,10
6147-CBCRA,10
0301-KOBTQ,10
5849-ASHZJ,10
7632-YUTXB,10
6100-FJZDG,10
0357-NVCRI,10
9867-NNXLC,9
2682-KEVRP,9
5876-QMYLD,10
2164-SOQXL,9
1223-UNPKS,10
2333-KWEWW,10
7542-CYDDM,9
0859-YGKFW,10
4359-INNWN,9
8317-BVKSO,8
8387-UGUSU,9
5993-BQHEA,9
7531-GQHME,9
3239-TPHPZ,9
9442-JTWDL,9
7094-MSZAO,8
1383-EZRWL,8
2717-HVIZY,9
4291-YZODP,9
2159-TURXX,8
4785-NKHCX,8
1855-CFULU,8
7874-ECPQJ,7
1336-EZFZY,8
3407-QGWLG,8
5919-VCZYM,8
0871-OPBXW,7
0188-GWFLE,8
3030-ZKIWL,8
4661-NJEUX,7
2812-SFXMJ,8
1349-WXNGG,8
7096-UCLNH,8
5028-HTLJB,7
8749-CLJXC,8
9962-BFPDU,8
3454-JFUBC,10
9800-OUIGR,10
0847-HGRML,10
6621-NRZAK,10
9507-HSMMZ,10
1552-CZCLL,10
9251-AWQGT,10
2208-MPXIO,10
9585-KKMFD,10
1269-FOYWN,10
8215-NGSPE,10
4955-VCWBI,10
3097-FQTVJ,10
9824-QCJPK,10
4716-MRVEN,10
4709-LKHYG,10
1401-FTHFQ,9
7047-YXDMZ,9
4712-UYOOI,9
3556-BVQGL,9
3011-WQKSZ,9
5688-KZTSN,8
4079-ULGFR,9
7277-KAMWT,9
4323-ELYYB,9
8084-OIVBS,9
0380-ZCSBI,9
8439-LTUGF,8
0967-BMLBD,9
4860-YZGZM,8
2017-CCBLH,9
1009-IRMNA,8
6972-SNKKW,8
6734-CKRSM,8
2393-DIVAI,8
7808-DVWEP,8
4986-MXSFP,7
4237-CLSMM,8
9700-ZCLOT,8
3807-XHCJH,8
7698-YFGEZ,8
4877-EVATK,8
8232-UTFOZ,10
3678-MNGZX,10
4277-BWBML,10
5146-YYFRZ,10
2181-TIDSV,10
1764-VUUMT,10
1460-UZPRJ,10
4636-TVXVG,10
0281-CNTZX,10
3507-GASNP,10
0621-TSSMU,10
1574-DYCWE,10
8859-YSTWS,10
7560-QRBXH,10
2796-NNUFI,10
5310-NOOVA,10
5970-GHJAW,10
9418-RUKPH,10
4632-PAOYU,10
3623-FQBOX,9
5469-NUJUR,9
9847-HNVGP,9
3190-FZATL,9
5546-QUERU,9
9522-ZSINC,9
5014-GSOUQ,9
0221-NAUXK,9
4895-TMWIR,8
0114-RSRRW,8
4694-PHWFW,9
9788-YTFGE,8
3363-EWLGO,8
6377-KSLXC,8
3097-PYWXL,8
5619-XZZKR,9
5144-PQCDZ,7
7521-YXVZY,8
0178-CIIKR,8
5173-ZXXXL,9
1796-JANOW,8
2542-HYGIQ,8
3506-LCJDC,8
5143-WMWOG,7
6286-SUUWT,8
0784-ZQJZX,10
1052-QJIBV,10
3642-BYHDO,10
6345-FZOQH,10
9537-JALFH,10
3973-SKMLN,10
7969-FFOWG,10
5821-MMEIL,10
1657-DYMBM,10
9588-YRFHY,10
3079-BCHLN,10
8896-RAZCR,10
1755-FZQEC,10
2878-DHMIN,10
3043-SUDUA,10
4609-KNNWG,10
2819-GWENI,10
8194-PEEBY,10
6061-PQHMK,10
6479-OAUSD,10
1069-QJOEE,9
3530-VWVGU,9
9967-ATRFS,9
8748-HFWBO,10
8884-MRNSU,9
7279-NMVJC,9
0347-UBKUZ,9
3061-BCKYI,9
4936-YPJNK,8
2673-ZALNP,9
6202-JVYEU,8
7677-SJJJK,9
0754-EEBDC,9
2832-SCUCO,8
5066-GFJMM,7
7636-XUHWW,7
4800-VHZKI,7
2654-VBVPB,8
3900-AQPHZ,8
6654-QGBZZ,8
5515-IDEJJ,8
2320-JRSDE,7
7878-RTCZG,8
2369-FEVNO,7
2429-AYKKO,10
6060-QBMGV,10
1591-XWLGB,10
8285-ABVLB,10
4817-KEQSP,10
6734-JDTTV,10
5656-JAMLX,10
8711-LOBKY,10
3359-DSRKA,10
7114-AEOZE,10
9371-BITHB,10
6349-JDHQP,10
5642-MHDQT,10
7297-DVYGA,10
9447-YPTBX,10
9916-AYHTC,10
1839-FBNFR,10
5231-FIQPA,10
8917-FAEMR,10
9385-EHGDO,10
7446-SFAOA,10
1498-DQNRX,9
4962-CHQPW,10
5171-EPLKN,10
0594-UFTUL,9
3675-YDUPJ,8
8075-GXIUB,9
0310-VQXAM,9
5726-CVNYA,9
8314-HTWVE,9
4020-KIUDI,9
6164-HXUGH,9
4140-WJAWW,8
6776-TLWOI,8
0137-UDEUO,8
4396-KLSEH,7
0030-FNXPP,8
2303-PJYHN,8
8150-QUDFX,8
4464-JCOLN,9
1135-LMECX,8
0107-WESLM,6
4291-HPAXL,8
1064-FBXNK,9
7606-BPHHN,10
7876-DNYAP,10
2607-DHDAK,10
0505-SPOOW,10
0831-JNISG,10
3996-ZNWYK,10
8750-QWZAJ,10
1813-JLKWR,10
7167-PCEYD,10
2418-TPEUN,10
0608-JDVEC,10
1686-STUHN,10
9624-EGDEQ,10
7696-CFTAT,10
5995-WWKKG,10
0969-RGKCU,10
2729-VNVAP,10
5871-DGTXZ,10
5917-RYRMG,10
0219-QAERP,10
2829-HYVZP,10
2805-AUFQN,10
9801-NOSHQ,10
4795-UXVCJ,10
8779-YIQQA,10
1561-BWHIN,10
4685-TFLLS,9
9364-YKUVW,9
3721-CNZHX,9
5384-ZTTWP,9
1038-ZAGBI,9
1680-VDCWW,9
4318-RAJVY,9
4182-BGSIQ,8
1226-JZNKR,9
1449-XQEMT,8
8562-GHPPI,8
4892-VLANZ,8
5893-KCLGT,10
2984-RGEYA,10
7729-XBTWX,10
1830-IPXVJ,10
1399-OUPJN,10
7157-SMCFK,10
0607-DAAHE,10
2589-AYCRP,10
1709-EJDOX,10
6048-NJXHX,10
9975-GPKZU,10
8510-BBWMU,10
5804-JMYIO,10
2277-AXSDC,10
4335-UPJSI,10
9548-LERKT,10
3181-MIZBN,9
8138-EALND,9
9845-QOMAD,9
5577-OTWWW,9
8573-CGOCC,9
9227-UAQFT,9
5063-IUOKK,9
3078-ZKNTS,9
3352-RICWQ,9
2428-ZMCTB,9
2667-WYLWJ,9
4558-CGYCZ,8
0268-QKIWO,8
3936-QQFLL,8
3930-ZGWVE,8
3717-OFRTN,8
6849-WLEYG,8
7239-HZZCX,8
2465-BLLEU,7
6124-ACRHJ,8
7853-WNZSY,7
1156-ZFYDO,8
9103-CXVOK,8
0404-AHASP,10
3173-WSSUE,10
0042-RLHYP,10
6928-ONTRW,10
7706-YLMQA,10
4086-WITJG,10
9625-RZFUK,10
9135-HSWOC,10
5730-DBDSI,10
6974-DAFLI,10
3646-ITDGM,10
9938-PRCVK,10
3451-VAWLI,10
3374-PZLXD,10
7026-YMSBE,10
1270-XKUCC,10
2595-KIWPV,10
1089-XZWHH,10
8173-RXAYP,10
5495-GPSRW,10
1964-SVLEA,9
5148-HKFIR,10
2466-FCCPT,9
6746-WAUWT,9
2332-EFBJY,8
3824-RHKVR,9
1699-TLDLZ,10
2138-VFAPZ,9
1429-UYJSV,9
5442-PPTJY,9
1563-IWQEX,9
6319-QSUSR,9
5396-IZEPB,9
3981-QSVQI,8
5647-URDKA,9
9970-QBCDA,8
6260-XLACS,9
3077-RSNTJ,8
7623-HKYRK,8
7762-ONLJY,9
0247-SLUJI,8
6615-ZGEDR,8
1945-XISKS,10
8917-SZTTJ,10
1241-FPMOF,10
7427-AUFPY,10
2675-IJRGJ,10
9646-NMHXE,10
9503-XJUME,10
5093-FEGLU,10
0362-RAOQO,10
1985-MBRYP,10
8008-OTEZX,10
1577-HKTFG,9
7850-THJMU,10
3178-CIFOT,9
8143-ETQTI,10
6082-OQFBA,10
8969-PRHFK,9
1057-FOGLZ,9
3865-ZFZIB,10
8573-JGCZW,9
1272-ILHFG,9
5312-TSZVC,9
0956-SYCWG,9
3082-WQRVY,9
0486-LGCCH,9
2466-NEJOJ,9
4160-AMJTL,8
9150-KPBJQ,9
4719-UMSIY,8
3694-GLTJM,8
7526-IVLYU,8
0690-SRQID,7
1465-WCZVT,8
2640-LYMOV,8
3845-FXCYS,7
8329-IBCTI,8
5562-BETPV,9
1194-SPVSP,8
7291-CDTMJ,7
7721-DVEKZ,8
6141-OOXUQ,8
3785-NRHYR,8
0970-QXPXW,8
3274-NSDWE,10
7602-DBTOU,10
2718-YSKCS,10
6217-KDYWC,10
7416-CKTEP,10
9170-ARBTB,10
4698-KVLLG,10
5468-BPMMO,10
1106-HRLKZ,10
1051-EQPZR,10
4487-ZYJZK,10
4750-UKWJK,10
9313-CDOGY,10
7601-GNDYK,10
3280-NMUVX,10
3721-WKIIL,10
0042-JVWOJ,10
0354-VXMJC,10
8022-BECSI,10
7319-ZNRTR,10
7977-HXJKU,10
4703-MQYKT,10
8457-XIGKN,9
4452-ROHMO,10
6036-TTFYU,9
4881-GQJTW,9
6040-CGACY,9
9424-CMPOG,9
3146-JTQHR,9
8148-WOCMK,9
5702-SKUOB,8
6837-BJYDQ,9
1087-UDSIH,7
6184-DYUOB,7
7854-EKTJL,7
7989-CHGTL,7
4588-YBNIB,7
1166-PQLGG,10
2900-PHPLN,10
8043-PNYSD,10
2616-FLVQC,10
7941-RCJOW,10
0788-DXBFY,10
6582-PLFUU,10
4299-OPXEJ,10
3777-XROBG,10
7872-BAAZR,10
2230-XTUWL,10
1047-RNXZV,10
8717-VCTXJ,10
7242-EDTYC,10
2484-DGXPZ,9
3486-NPGST,10
7061-OVMIM,10
6506-EYCNH,9
0559-CKHUS,10
7552-KEYGT,10
0164-XAIRP,10
1237-WIYYZ,9
3131-NWVFJ,9
7609-NRNCA,9
0854-UYHZD,9
1093-YSWCA,9
4365-MSDYN,8
1345-GKDZZ,9
7196-LIWRH,9
3724-UCSHY,8
7311-MQJCH,8
1354-YZFNB,9
4693-VWVBO,8
2866-IKBTM,8
1029-QFBEN,8
8605-ITULD,8
2576-HXMPA,8
1622-HSHSF,7
0927-CNGRH,8
7601-WFVZV,8
7328-ZJAJO,10
5799-JRCZO,10
8395-ETZKQ,10
8755-OGKNA,10
8514-VZHEB,10
9814-AOUDH,10
4644-OBGFZ,10
2122-SZZZD,10
2061-VVFST,10
7216-KAOID,10
0428-AXXLJ,9
9391-TTOYH,9
3318-ISQFQ,9
2320-TZRRH,9
3423-HHXAO,9
4451-RWASJ,9
7649-PHJVR,9
8076-FEZKJ,9
5624-RYAMH,8
2229-DPMBI,9
7337-CINUD,9
7727-SHVZV,8
8053-WWDRO,8
2550-QHZGP,9
6806-YDEUL,8
6368-TZZDT,9
0883-EIBTI,8
1051-GEJLJ,8
7551-JOHTI,8
5906-BFOZT,7
8566-YPRGL,7
1905-OEILC,8
3279-DYZQM,10
8241-JUIQO,10
8966-SNIZF,10
8347-GDTMP,10
6848-HJTXY,10
6729-FZWSY,10
2821-WARNZ,10
6479-SZPLM,10
2171-UDMFD,10
2650-GYRYL,10
5696-EXCYS,10
8944-AILEF,8
2788-CJQAQ,9
3750-RNQKR,9
4770-QAZXN,9
2882-DDZPG,9
3546-GHEAE,9
4801-KFYKL,9
1015-JPFYW,9
0895-LNKRC,9
1257-SXUXQ,8
1179-INLAT,8
3679-XASPY,8
7617-EYGLW,8
1725-MIMXW,7
9174-FKWZE,6
8393-JMVMB,8
4760-XOHVN,8
3910-MRQOY,10
2848-YXSMW,10
5346-BZCHP,10
2626-VEEWG,10
9063-ZGTUY,10
6518-PPLMZ,10
1098-KFQEC,10
5016-LIPDW,10
2817-LVCPP,10
8249-THVEC,10
0386-CWRGM,10
6762-NSODU,10
6878-GGDWG,9
0839-QNXME,10
1627-AFWVJ,10
0098-BOWSO,9
3985-HOYPM,10
7956-XQWGU,9
2243-FNMMI,9
5616-PRTNT,9
3525-DVKFN,10
2223-KAGMX,9
0208-BPQEJ,9
8295-FHIVV,8
8410-BGQXN,8
2308-STERM,8
9101-NTIXF,8
5766-ZJYBB,8
9629-NHXFW,7
7298-IZWLY,7
2220-IAHLS,8
8747-UDCOI,10
2007-QVGAW,10
7643-RCHXS,10
1302-TPUBN,10
2075-PUEPR,10
6323-AYBRX,10
4893-GYUJU,10
3620-EHIMZ,10
8922-NPKBJ,10
2428-HYUNX,10
5986-WWXDV,10
5917-HBSDW,10
9142-XMYJH,10
4425-OWHWB,9
1345-ZUKID,9
2892-GESUL,10
9766-HGEDE,9
4311-QTTAI,9
2266-FUBDZ,10
2096-XOTMO,9
5961-VUSRV,9
4573-JKNAE,9
1735-XMJVH,8
4903-UYAVB,8
0366-NQSHS,8
3308-DGHKL,10
3976-HXHCE,10
5787-KXGIY,10
2146-EGVDT,10
4742-TXUEX,10
5465-BUBFA,10
7190-XHTWJ,10
4641-FROLU,10
5914-GXMDA,10
3523-BRGUW,10
9347-AERRL,10
1915-OAKWD,9
6112-KTHFQ,8
2592-HODOV,9
5602-BVFMK,9
4815-TUMEQ,9
2320-YKQBO,8
7785-RDVIG,8
0396-HUJBP,8
6598-RFFVI,9
0761-AETCS,8
7926-IJOOU,8
4667-OHGKG,7
1724-IQWNM,7
9972-EWRJS,10
8857-CUPFQ,10
7293-LSCDV,10
0206-OYVOC,10
6425-JWTDV,10
9531-NSBMR,10
9631-RXVJM,10
5186-PEIZU,10
9617-UDPEU,9
5537-UXXVS,9
6082-GLJIX,9
4946-EDSEW,8
4541-RMRLG,8
0303-WMMRN,8
3156-QLHBO,8
1098-TDVUQ,7
5510-BOIUJ,8
9374-YOLBJ,8
0613-WUXUM,10
3970-XGJDU,10
9565-AXSMR,10
3764-MNMOI,10
4475-NVTLU,10
3653-NCRDJ,10
7168-HDQHG,10
8780-RSYYU,9
1439-LCGVL,10
9837-FWLCH,8
9498-FIMXL,9
6979-TNDEU,9
9137-NOQKA,7
1663-MHLHE,8
3308-MHOOC,7
4232-JGKIY,7
3373-YZZYM,8
3498-LZGQZ,10
1231-YNDEK,10
6051-PTVNS,10
6016-NXBNJ,10
9046-JBFWA,9
5859-HZYLF,10
1998-VHJHK,10
0487-VVUVK,9
3266-FTKHB,10
2862-JVEOY,9
7302-ZHMHP,8
0825-CPPQH,10
9500-WBGRP,10
1697-LYYYX,10
4163-HFTUK,10
7009-PCARS,10
4933-BSAIP,10
8873-TMKGR,10
9039-ZVJDC,7
1407-DIGZV,9
6569-KTMDU,8
6121-VZNQB,7
9441-QHEVC,8
9451-WLYRI,10
4530-NDRKU,10
4774-HHGGS,10
9467-ROOLM,9
1431-CYWMH,9
0307-BCOPK,9
2005-DWQZJ,9
1991-VOPLL,9
1015-OWJKI,8
9732-OUYRN,10
2023-VQFDL,9
1218-VKFPE,9
0661-KQHNK,9
5222-JCXZT,8
7234-KMNRQ,8
1423-BMPBQ,8
3719-TDVQB,10
4635-EJYPD,10
7469-LKBCI,10
9025-ZRPVR,8
1386-ZIKUV,8
7968-QUXNS,8
5025-GOOKI,9
9975-SKRNR,8
3572-UUHRS,10
5863-OOKCL,9
0620-XEFWH,8
8992-CEUEN,7
9318-NKNFC,7
8464-EETCQ,10
6508-NJYRO,9
7369-TRPFD,10
7473-ZBDSN,10
3387-PLKUI,9
3806-YAZOV,8
2967-MXRAV,9
9426-SXNHE,8
0621-CXBKL,10
9945-PSVIP,10
0827-ITJPH,10
9764-REAFF,10
6823-SIDFQ,10
